-- ============================================================
-- FitXeno Database Backup
-- Type:      MANUAL
-- Generated: 2026-06-14T09:38:06.155Z
-- Node.js native backup (no pg_dump required)
-- ============================================================

BEGIN;
-- ============================================================
-- Table: gyms
-- ============================================================
DELETE FROM "gyms"; -- clear before restore

INSERT INTO "gyms" ("id", "name", "phone", "address", "saas_subscription_status", "saas_valid_until", "created_at", "updated_at", "suspension_reason", "suspended_at", "suspended_by", "latitude", "longitude", "contact_person", "trial_start_date", "trial_end_date") VALUES ('3341f8da-3354-496d-bda6-59961ccc6915', 'Iron Paradise', '9876543210', 'Bandra, Mumbai', 'ACTIVE', NULL, '2026-05-15T11:34:49.134Z', '2026-05-15T11:34:49.134Z', NULL, '2026-05-22T10:51:03.121Z', '2ab2d24e-2a48-4a9b-81c5-1b5e4a42f8c7', '19.07600000', '72.87770000', NULL, NULL, NULL);
INSERT INTO "gyms" ("id", "name", "phone", "address", "saas_subscription_status", "saas_valid_until", "created_at", "updated_at", "suspension_reason", "suspended_at", "suspended_by", "latitude", "longitude", "contact_person", "trial_start_date", "trial_end_date") VALUES ('86f97cad-d79e-44ea-8404-437b3ee8f45d', 'Flex Fitness', '8877665544', 'Indiranagar, Bangalore', 'ACTIVE', NULL, '2026-05-15T11:34:49.298Z', '2026-05-15T11:34:49.298Z', NULL, '2026-05-22T10:50:58.014Z', '2ab2d24e-2a48-4a9b-81c5-1b5e4a42f8c7', '12.97160000', '77.59460000', NULL, NULL, NULL);
INSERT INTO "gyms" ("id", "name", "phone", "address", "saas_subscription_status", "saas_valid_until", "created_at", "updated_at", "suspension_reason", "suspended_at", "suspended_by", "latitude", "longitude", "contact_person", "trial_start_date", "trial_end_date") VALUES ('f9a72471-38e4-4b8f-9623-e6372b0d213a', 'namu', '46463430', '', 'ACTIVE', '2026-12-11T18:30:00.000Z', '2026-05-22T11:59:59.023Z', '2026-05-22T11:59:59.023Z', NULL, NULL, NULL, NULL, NULL, 'Sufyan khan', NULL, NULL);
INSERT INTO "gyms" ("id", "name", "phone", "address", "saas_subscription_status", "saas_valid_until", "created_at", "updated_at", "suspension_reason", "suspended_at", "suspended_by", "latitude", "longitude", "contact_person", "trial_start_date", "trial_end_date") VALUES ('85a358b5-1f02-45a6-8e53-426deed05159', 'nini', '+91 75453 43644', 'hululu', 'ACTIVE', '2005-02-10T18:30:00.000Z', '2026-05-26T11:11:54.839Z', '2026-05-26T11:11:54.839Z', NULL, '2026-05-27T11:26:59.016Z', '2ab2d24e-2a48-4a9b-81c5-1b5e4a42f8c7', NULL, NULL, 'Sufyan khan', NULL, NULL);
INSERT INTO "gyms" ("id", "name", "phone", "address", "saas_subscription_status", "saas_valid_until", "created_at", "updated_at", "suspension_reason", "suspended_at", "suspended_by", "latitude", "longitude", "contact_person", "trial_start_date", "trial_end_date") VALUES ('3e6eab97-251c-4971-82e4-affa05e8b07e', 'dgzdf', '+91 45663 54345', '', 'ACTIVE', NULL, '2026-05-27T11:30:28.235Z', '2026-05-27T11:30:28.235Z', NULL, NULL, NULL, NULL, NULL, 'Sufyan khan', NULL, NULL);
INSERT INTO "gyms" ("id", "name", "phone", "address", "saas_subscription_status", "saas_valid_until", "created_at", "updated_at", "suspension_reason", "suspended_at", "suspended_by", "latitude", "longitude", "contact_person", "trial_start_date", "trial_end_date") VALUES ('1815aef3-376f-4d05-b559-5aa885b0d708', 'dfhgfd', '+91 65125 1251', 'fdbb', 'ACTIVE', '2026-05-06T18:30:00.000Z', '2026-05-27T11:31:38.930Z', '2026-05-27T11:31:38.930Z', NULL, NULL, NULL, NULL, NULL, 'Aman Qureshi', NULL, NULL);
INSERT INTO "gyms" ("id", "name", "phone", "address", "saas_subscription_status", "saas_valid_until", "created_at", "updated_at", "suspension_reason", "suspended_at", "suspended_by", "latitude", "longitude", "contact_person", "trial_start_date", "trial_end_date") VALUES ('7f73a003-08c0-49b9-a629-02a7da788fdd', 'fdgh', 'dfhdfh', 'dfhdf', 'ACTIVE', '2026-04-30T18:30:00.000Z', '2026-05-27T11:35:05.429Z', '2026-05-27T11:35:05.429Z', NULL, NULL, NULL, NULL, NULL, 'Aman Qureshi', NULL, NULL);
INSERT INTO "gyms" ("id", "name", "phone", "address", "saas_subscription_status", "saas_valid_until", "created_at", "updated_at", "suspension_reason", "suspended_at", "suspended_by", "latitude", "longitude", "contact_person", "trial_start_date", "trial_end_date") VALUES ('94ef939e-feb9-4528-aa99-516d2a0d1f59', 'gym rock', '+91 99999 99999', 'jamia', 'ACTIVE', '2026-07-29T18:30:00.000Z', '2026-05-30T10:51:27.118Z', '2026-05-30T10:51:27.118Z', NULL, NULL, NULL, NULL, NULL, NULL, NULL, NULL);
INSERT INTO "gyms" ("id", "name", "phone", "address", "saas_subscription_status", "saas_valid_until", "created_at", "updated_at", "suspension_reason", "suspended_at", "suspended_by", "latitude", "longitude", "contact_person", "trial_start_date", "trial_end_date") VALUES ('64632e96-b3e7-460c-a580-893989e31d9d', 'Test Gym 1780309502429', '9876543210', 'Test City', 'ACTIVE', NULL, '2026-06-01T10:25:06.175Z', '2026-06-01T10:25:06.175Z', NULL, NULL, NULL, NULL, NULL, NULL, NULL, NULL);
INSERT INTO "gyms" ("id", "name", "phone", "address", "saas_subscription_status", "saas_valid_until", "created_at", "updated_at", "suspension_reason", "suspended_at", "suspended_by", "latitude", "longitude", "contact_person", "trial_start_date", "trial_end_date") VALUES ('167717a7-3db7-4f79-83ea-704b18bb92c0', 'Test Gym 1780309725049', '9876543210', 'Test City', 'ACTIVE', NULL, '2026-06-01T10:28:48.792Z', '2026-06-01T10:28:48.792Z', NULL, NULL, NULL, NULL, NULL, NULL, NULL, NULL);
INSERT INTO "gyms" ("id", "name", "phone", "address", "saas_subscription_status", "saas_valid_until", "created_at", "updated_at", "suspension_reason", "suspended_at", "suspended_by", "latitude", "longitude", "contact_person", "trial_start_date", "trial_end_date") VALUES ('9b026bfd-7cd8-4b68-9f6e-ab2a7b8f9972', 'Test Gym 1780309798588', '9876543210', 'Test City', 'ACTIVE', NULL, '2026-06-01T10:30:02.352Z', '2026-06-01T10:30:02.352Z', NULL, NULL, NULL, NULL, NULL, NULL, NULL, NULL);
INSERT INTO "gyms" ("id", "name", "phone", "address", "saas_subscription_status", "saas_valid_until", "created_at", "updated_at", "suspension_reason", "suspended_at", "suspended_by", "latitude", "longitude", "contact_person", "trial_start_date", "trial_end_date") VALUES ('4ade984d-0722-435b-bd95-f067baac64a4', 'Test Gym 1780309871996', '9876543210', 'Test City', 'ACTIVE', NULL, '2026-06-01T10:31:15.727Z', '2026-06-01T10:31:15.727Z', NULL, NULL, NULL, NULL, NULL, NULL, NULL, NULL);
INSERT INTO "gyms" ("id", "name", "phone", "address", "saas_subscription_status", "saas_valid_until", "created_at", "updated_at", "suspension_reason", "suspended_at", "suspended_by", "latitude", "longitude", "contact_person", "trial_start_date", "trial_end_date") VALUES ('37489ee9-9869-4d79-ad5a-96a8babdd160', 'Test Gym 1780309901193', '9876543210', 'Test City', 'ACTIVE', NULL, '2026-06-01T10:31:44.930Z', '2026-06-01T10:31:44.930Z', NULL, NULL, NULL, NULL, NULL, NULL, NULL, NULL);
INSERT INTO "gyms" ("id", "name", "phone", "address", "saas_subscription_status", "saas_valid_until", "created_at", "updated_at", "suspension_reason", "suspended_at", "suspended_by", "latitude", "longitude", "contact_person", "trial_start_date", "trial_end_date") VALUES ('716dfe66-182a-43bc-8aa0-66f0e181c42c', 'omni lex', '+91 98968 75615', 'new delhi', 'ACTIVE', '2026-05-31T18:30:00.000Z', '2026-06-01T10:41:31.790Z', '2026-06-01T10:41:31.790Z', NULL, NULL, NULL, NULL, NULL, NULL, NULL, NULL);
INSERT INTO "gyms" ("id", "name", "phone", "address", "saas_subscription_status", "saas_valid_until", "created_at", "updated_at", "suspension_reason", "suspended_at", "suspended_by", "latitude", "longitude", "contact_person", "trial_start_date", "trial_end_date") VALUES ('b881db5c-d60c-4b69-8abf-a4d060f34921', 'GymNexo', '+91 89564 78512', 'zakir nagar', 'ACTIVE', '2026-06-15T18:30:00.000Z', '2026-06-02T09:04:54.472Z', '2026-06-02T09:04:54.472Z', NULL, NULL, NULL, NULL, NULL, NULL, NULL, NULL);
INSERT INTO "gyms" ("id", "name", "phone", "address", "saas_subscription_status", "saas_valid_until", "created_at", "updated_at", "suspension_reason", "suspended_at", "suspended_by", "latitude", "longitude", "contact_person", "trial_start_date", "trial_end_date") VALUES ('ed99e0b9-10e9-4f9c-9d19-c0edf1c358b3', 'test', '1234567890', 'test', 'TRIAL', NULL, '2026-06-03T09:43:38.141Z', '2026-06-03T09:43:38.141Z', NULL, NULL, NULL, NULL, NULL, NULL, '2026-06-03T09:43:38.141Z', '2026-06-06T09:43:38.141Z');
INSERT INTO "gyms" ("id", "name", "phone", "address", "saas_subscription_status", "saas_valid_until", "created_at", "updated_at", "suspension_reason", "suspended_at", "suspended_by", "latitude", "longitude", "contact_person", "trial_start_date", "trial_end_date") VALUES ('d2245e46-7a73-4957-afb3-36fd84d943ac', 'test2', '9876543210', 'test', 'TRIAL', NULL, '2026-06-03T09:48:00.401Z', '2026-06-03T09:48:00.401Z', NULL, NULL, NULL, NULL, NULL, NULL, '2026-06-03T09:48:00.401Z', '2026-06-06T09:48:00.401Z');
INSERT INTO "gyms" ("id", "name", "phone", "address", "saas_subscription_status", "saas_valid_until", "created_at", "updated_at", "suspension_reason", "suspended_at", "suspended_by", "latitude", "longitude", "contact_person", "trial_start_date", "trial_end_date") VALUES ('74e92a81-1fbe-4909-877a-29c5be3dfb63', 'test3', '8888888888', 'New Delhi', 'TRIAL', NULL, '2026-06-03T09:49:31.997Z', '2026-06-03T09:49:31.997Z', NULL, NULL, NULL, NULL, NULL, NULL, '2026-06-03T09:49:31.997Z', '2026-06-06T09:49:31.997Z');
INSERT INTO "gyms" ("id", "name", "phone", "address", "saas_subscription_status", "saas_valid_until", "created_at", "updated_at", "suspension_reason", "suspended_at", "suspended_by", "latitude", "longitude", "contact_person", "trial_start_date", "trial_end_date") VALUES ('3d1e235e-bb89-4148-8e56-cfa1ca1a9892', 'yulu', '9856456214', 'okhla batla house', 'SUSPENDED', NULL, '2026-06-03T10:02:55.003Z', '2026-06-03T10:02:55.003Z', NULL, '2026-06-13T18:31:17.308Z', '2ab2d24e-2a48-4a9b-81c5-1b5e4a42f8c7', NULL, NULL, NULL, '2026-06-03T10:02:55.003Z', '2026-06-06T10:02:55.003Z');
INSERT INTO "gyms" ("id", "name", "phone", "address", "saas_subscription_status", "saas_valid_until", "created_at", "updated_at", "suspension_reason", "suspended_at", "suspended_by", "latitude", "longitude", "contact_person", "trial_start_date", "trial_end_date") VALUES ('24d69d8c-0cbe-4dcf-acd0-c340802d672c', 'Q_K-gyms', '+91 98254 53435', 'batla house', 'ACTIVE', '2026-06-12T18:30:00.000Z', '2026-06-13T18:29:56.304Z', '2026-06-13T18:29:56.304Z', NULL, NULL, NULL, NULL, NULL, NULL, NULL, NULL);

-- 20 rows exported from gyms

-- ============================================================
-- Table: plans
-- ============================================================
DELETE FROM "plans"; -- clear before restore

INSERT INTO "plans" ("id", "gym_id", "name", "duration_days", "price", "is_active", "created_at", "updated_at") VALUES ('0a299f46-8ed1-4b5e-abff-7dfda53f7164', '3341f8da-3354-496d-bda6-59961ccc6915', 'Monthly Basic', 30, '1500.00', FALSE, '2026-05-15T11:34:49.910Z', '2026-05-15T11:34:49.910Z');
INSERT INTO "plans" ("id", "gym_id", "name", "duration_days", "price", "is_active", "created_at", "updated_at") VALUES ('1c1c80f6-b8eb-415d-a617-3d5261055d16', '3341f8da-3354-496d-bda6-59961ccc6915', 'Yearly Pro', 365, '12000.00', TRUE, '2026-05-15T11:34:50.076Z', '2026-05-15T11:34:50.076Z');
INSERT INTO "plans" ("id", "gym_id", "name", "duration_days", "price", "is_active", "created_at", "updated_at") VALUES ('419d7227-66c6-46d4-9aa1-bd4972958c3a', '3341f8da-3354-496d-bda6-59961ccc6915', 'Monthly', 30, '1500.00', FALSE, '2026-05-21T11:43:13.898Z', '2026-05-21T11:43:13.898Z');
INSERT INTO "plans" ("id", "gym_id", "name", "duration_days", "price", "is_active", "created_at", "updated_at") VALUES ('cb97204b-a49a-488e-b4c2-8bb83d854c3d', '3341f8da-3354-496d-bda6-59961ccc6915', 'Quater', 90, '4000.00', TRUE, '2026-05-26T09:55:06.125Z', '2026-05-26T09:55:06.125Z');
INSERT INTO "plans" ("id", "gym_id", "name", "duration_days", "price", "is_active", "created_at", "updated_at") VALUES ('9b923718-6974-4e92-b941-28c5991c2787', '3341f8da-3354-496d-bda6-59961ccc6915', 'Monthly ', 30, '1500.00', TRUE, '2026-05-26T10:26:06.477Z', '2026-05-26T10:26:06.477Z');
INSERT INTO "plans" ("id", "gym_id", "name", "duration_days", "price", "is_active", "created_at", "updated_at") VALUES ('81869a5c-f75a-43bb-83ca-10edac189f5a', '167717a7-3db7-4f79-83ea-704b18bb92c0', 'Monthly Premium', 30, '1500.00', TRUE, '2026-06-01T10:28:50.937Z', '2026-06-01T10:28:50.937Z');
INSERT INTO "plans" ("id", "gym_id", "name", "duration_days", "price", "is_active", "created_at", "updated_at") VALUES ('6e8d9284-aad5-4b85-bf41-3106e3bf559c', '9b026bfd-7cd8-4b68-9f6e-ab2a7b8f9972', 'Monthly Premium', 30, '1500.00', TRUE, '2026-06-01T10:30:04.239Z', '2026-06-01T10:30:04.239Z');
INSERT INTO "plans" ("id", "gym_id", "name", "duration_days", "price", "is_active", "created_at", "updated_at") VALUES ('9a8912e7-434b-478d-9b47-10480f6686fe', '4ade984d-0722-435b-bd95-f067baac64a4', 'Monthly Premium', 30, '1500.00', TRUE, '2026-06-01T10:31:17.559Z', '2026-06-01T10:31:17.559Z');
INSERT INTO "plans" ("id", "gym_id", "name", "duration_days", "price", "is_active", "created_at", "updated_at") VALUES ('3958ce12-d8a0-49cc-8ba7-144a2a9124c1', '37489ee9-9869-4d79-ad5a-96a8babdd160', 'Monthly Premium', 30, '1500.00', TRUE, '2026-06-01T10:31:46.595Z', '2026-06-01T10:31:46.595Z');
INSERT INTO "plans" ("id", "gym_id", "name", "duration_days", "price", "is_active", "created_at", "updated_at") VALUES ('9deef894-b699-4787-9e7c-167274699099', '24d69d8c-0cbe-4dcf-acd0-c340802d672c', 'monthly', 30, '1500.00', TRUE, '2026-06-13T18:33:46.207Z', '2026-06-13T18:33:46.207Z');
INSERT INTO "plans" ("id", "gym_id", "name", "duration_days", "price", "is_active", "created_at", "updated_at") VALUES ('f89e9ed4-eb93-4e85-ac98-b0a1498a47c3', '24d69d8c-0cbe-4dcf-acd0-c340802d672c', 'day', 1, '100.00', TRUE, '2026-06-13T19:21:22.140Z', '2026-06-13T19:21:22.140Z');

-- 11 rows exported from plans

-- ============================================================
-- Table: members
-- ============================================================
DELETE FROM "members"; -- clear before restore

INSERT INTO "members" ("id", "gym_id", "name", "phone", "emergency_contact", "blood_group", "join_date", "created_at", "updated_at", "status", "frozen_at", "freeze_reason_type", "freeze_custom_reason", "freeze_notes", "frozen_by", "freeze_date") VALUES ('a2c9a831-c4aa-4a2d-acf3-2f0abe4bb702', '3341f8da-3354-496d-bda6-59961ccc6915', 'Rahul Sharma', '9000000001', NULL, NULL, '2026-05-14T18:30:00.000Z', '2026-05-15T11:34:50.618Z', '2026-05-30T05:09:34.888Z', 'ACTIVE', NULL, NULL, NULL, NULL, NULL, NULL);
INSERT INTO "members" ("id", "gym_id", "name", "phone", "emergency_contact", "blood_group", "join_date", "created_at", "updated_at", "status", "frozen_at", "freeze_reason_type", "freeze_custom_reason", "freeze_notes", "frozen_by", "freeze_date") VALUES ('1c064c5c-239a-40d6-b4bb-1f8c33597798', '3341f8da-3354-496d-bda6-59961ccc6915', 'Priya Patel', '9000000002', NULL, NULL, '2026-05-14T18:30:00.000Z', '2026-05-15T11:34:50.784Z', '2026-05-15T11:34:50.784Z', 'ACTIVE', NULL, NULL, NULL, NULL, NULL, NULL);
INSERT INTO "members" ("id", "gym_id", "name", "phone", "emergency_contact", "blood_group", "join_date", "created_at", "updated_at", "status", "frozen_at", "freeze_reason_type", "freeze_custom_reason", "freeze_notes", "frozen_by", "freeze_date") VALUES ('66636e45-bdce-4bcf-986a-f19467ff9345', '3341f8da-3354-496d-bda6-59961ccc6915', 'Sufyan khan', '+91 91919 19310', '', '', '2026-05-20T18:30:00.000Z', '2026-05-21T11:40:29.882Z', '2026-05-21T11:40:29.882Z', 'ACTIVE', NULL, NULL, NULL, NULL, NULL, NULL);
INSERT INTO "members" ("id", "gym_id", "name", "phone", "emergency_contact", "blood_group", "join_date", "created_at", "updated_at", "status", "frozen_at", "freeze_reason_type", "freeze_custom_reason", "freeze_notes", "frozen_by", "freeze_date") VALUES ('6be1d227-154c-4ea7-8529-546694fce231', '3341f8da-3354-496d-bda6-59961ccc6915', 'Neha rawat', '+91 91919 19852', '', '', '2026-05-21T18:30:00.000Z', '2026-05-22T05:57:33.826Z', '2026-05-23T00:01:00.489Z', 'ACTIVE', NULL, NULL, NULL, NULL, NULL, NULL);
INSERT INTO "members" ("id", "gym_id", "name", "phone", "emergency_contact", "blood_group", "join_date", "created_at", "updated_at", "status", "frozen_at", "freeze_reason_type", "freeze_custom_reason", "freeze_notes", "frozen_by", "freeze_date") VALUES ('1f7283cb-9f02-42a5-966a-b0c2ffd3f82a', '64632e96-b3e7-460c-a580-893989e31d9d', 'John Doe', '9999999999', '8888888888', 'O+', '2026-05-31T18:30:00.000Z', '2026-06-01T10:25:10.251Z', '2026-06-01T10:25:10.251Z', 'ACTIVE', NULL, NULL, NULL, NULL, NULL, NULL);
INSERT INTO "members" ("id", "gym_id", "name", "phone", "emergency_contact", "blood_group", "join_date", "created_at", "updated_at", "status", "frozen_at", "freeze_reason_type", "freeze_custom_reason", "freeze_notes", "frozen_by", "freeze_date") VALUES ('14fbd459-dcbe-4bb4-80db-6394c41cca52', '167717a7-3db7-4f79-83ea-704b18bb92c0', 'John Doe', '9999999999', '8888888888', 'O+', '2026-05-31T18:30:00.000Z', '2026-06-01T10:28:51.274Z', '2026-06-01T10:28:51.274Z', 'ACTIVE', NULL, NULL, NULL, NULL, NULL, NULL);
INSERT INTO "members" ("id", "gym_id", "name", "phone", "emergency_contact", "blood_group", "join_date", "created_at", "updated_at", "status", "frozen_at", "freeze_reason_type", "freeze_custom_reason", "freeze_notes", "frozen_by", "freeze_date") VALUES ('ad340dc3-400b-4f4b-a70d-0bafa23df462', '9b026bfd-7cd8-4b68-9f6e-ab2a7b8f9972', 'John Doe', '9999999999', '8888888888', 'O+', '2026-05-31T18:30:00.000Z', '2026-06-01T10:30:04.733Z', '2026-06-01T10:30:04.733Z', 'ACTIVE', NULL, NULL, NULL, NULL, NULL, NULL);
INSERT INTO "members" ("id", "gym_id", "name", "phone", "emergency_contact", "blood_group", "join_date", "created_at", "updated_at", "status", "frozen_at", "freeze_reason_type", "freeze_custom_reason", "freeze_notes", "frozen_by", "freeze_date") VALUES ('e4972bf9-093c-4dfb-a8fc-f5561273c0fa', '4ade984d-0722-435b-bd95-f067baac64a4', 'John Doe', '9999999999', '8888888888', 'O+', '2026-05-31T18:30:00.000Z', '2026-06-01T10:31:17.968Z', '2026-06-01T10:31:17.968Z', 'ACTIVE', NULL, NULL, NULL, NULL, NULL, NULL);
INSERT INTO "members" ("id", "gym_id", "name", "phone", "emergency_contact", "blood_group", "join_date", "created_at", "updated_at", "status", "frozen_at", "freeze_reason_type", "freeze_custom_reason", "freeze_notes", "frozen_by", "freeze_date") VALUES ('9d801f21-5743-42e8-a6ba-16cef1bab7b4', '37489ee9-9869-4d79-ad5a-96a8babdd160', 'John Doe', '9999999999', '8888888888', 'O+', '2026-05-31T18:30:00.000Z', '2026-06-01T10:31:46.915Z', '2026-06-01T10:31:50.896Z', 'ACTIVE', NULL, NULL, NULL, NULL, NULL, NULL);
INSERT INTO "members" ("id", "gym_id", "name", "phone", "emergency_contact", "blood_group", "join_date", "created_at", "updated_at", "status", "frozen_at", "freeze_reason_type", "freeze_custom_reason", "freeze_notes", "frozen_by", "freeze_date") VALUES ('a50dea40-5c32-487b-a3c2-618ffa69d7ee', '3341f8da-3354-496d-bda6-59961ccc6915', 'rahul', '+91 98784 85245', '', '', '2026-06-09T18:30:00.000Z', '2026-06-10T09:55:15.410Z', '2026-06-11T00:01:00.045Z', 'EXPIRED', NULL, NULL, NULL, NULL, NULL, NULL);
INSERT INTO "members" ("id", "gym_id", "name", "phone", "emergency_contact", "blood_group", "join_date", "created_at", "updated_at", "status", "frozen_at", "freeze_reason_type", "freeze_custom_reason", "freeze_notes", "frozen_by", "freeze_date") VALUES ('630bc336-7ea7-4d3a-88bc-5faeb90f8b46', '24d69d8c-0cbe-4dcf-acd0-c340802d672c', 'rahul', '+91 98726 72383', '', 'O', '2026-06-12T18:30:00.000Z', '2026-06-13T18:34:14.399Z', '2026-06-13T18:34:14.399Z', 'ACTIVE', NULL, NULL, NULL, NULL, NULL, NULL);
INSERT INTO "members" ("id", "gym_id", "name", "phone", "emergency_contact", "blood_group", "join_date", "created_at", "updated_at", "status", "frozen_at", "freeze_reason_type", "freeze_custom_reason", "freeze_notes", "frozen_by", "freeze_date") VALUES ('aea70afe-f941-40da-afda-deb3d562eb73', '24d69d8c-0cbe-4dcf-acd0-c340802d672c', 'mohit', '+91 67682 82828', '', '', '2026-06-12T18:30:00.000Z', '2026-06-13T18:38:13.500Z', '2026-06-13T18:38:13.500Z', 'ACTIVE', NULL, NULL, NULL, NULL, NULL, NULL);
INSERT INTO "members" ("id", "gym_id", "name", "phone", "emergency_contact", "blood_group", "join_date", "created_at", "updated_at", "status", "frozen_at", "freeze_reason_type", "freeze_custom_reason", "freeze_notes", "frozen_by", "freeze_date") VALUES ('d7828be5-6b09-4bea-a1b9-14f100962c16', '24d69d8c-0cbe-4dcf-acd0-c340802d672c', 'sumit', '+91 76687 96987', '', '', '2026-06-12T18:30:00.000Z', '2026-06-13T18:38:21.617Z', '2026-06-13T18:38:21.617Z', 'ACTIVE', NULL, NULL, NULL, NULL, NULL, NULL);
INSERT INTO "members" ("id", "gym_id", "name", "phone", "emergency_contact", "blood_group", "join_date", "created_at", "updated_at", "status", "frozen_at", "freeze_reason_type", "freeze_custom_reason", "freeze_notes", "frozen_by", "freeze_date") VALUES ('db58f0cc-af28-4b8c-9c29-765be065dc40', '24d69d8c-0cbe-4dcf-acd0-c340802d672c', 'priya', '+91 78787 87878', '', '', '2026-06-12T18:30:00.000Z', '2026-06-13T18:38:33.869Z', '2026-06-13T18:38:33.869Z', 'ACTIVE', NULL, NULL, NULL, NULL, NULL, NULL);
INSERT INTO "members" ("id", "gym_id", "name", "phone", "emergency_contact", "blood_group", "join_date", "created_at", "updated_at", "status", "frozen_at", "freeze_reason_type", "freeze_custom_reason", "freeze_notes", "frozen_by", "freeze_date") VALUES ('acec270d-c67c-41d3-acf2-d083dccbffae', '24d69d8c-0cbe-4dcf-acd0-c340802d672c', 'neha', '+91 87687 68768', '', '', '2026-06-12T18:30:00.000Z', '2026-06-13T18:38:46.125Z', '2026-06-13T18:38:46.125Z', 'ACTIVE', NULL, NULL, NULL, NULL, NULL, NULL);
INSERT INTO "members" ("id", "gym_id", "name", "phone", "emergency_contact", "blood_group", "join_date", "created_at", "updated_at", "status", "frozen_at", "freeze_reason_type", "freeze_custom_reason", "freeze_notes", "frozen_by", "freeze_date") VALUES ('c5d9ebd4-7b54-46d9-944e-27f942d9ccde', '24d69d8c-0cbe-4dcf-acd0-c340802d672c', 'pooja', '+91 76576 58758', '', '', '2026-06-12T18:30:00.000Z', '2026-06-13T18:38:52.149Z', '2026-06-13T18:38:52.149Z', 'ACTIVE', NULL, NULL, NULL, NULL, NULL, NULL);
INSERT INTO "members" ("id", "gym_id", "name", "phone", "emergency_contact", "blood_group", "join_date", "created_at", "updated_at", "status", "frozen_at", "freeze_reason_type", "freeze_custom_reason", "freeze_notes", "frozen_by", "freeze_date") VALUES ('e758974d-ea9a-4475-b235-368ff631688b', '24d69d8c-0cbe-4dcf-acd0-c340802d672c', 'monica', '+91 65586 75875', '', '', '2026-06-12T18:30:00.000Z', '2026-06-13T18:39:00.681Z', '2026-06-13T18:39:00.681Z', 'ACTIVE', NULL, NULL, NULL, NULL, NULL, NULL);
INSERT INTO "members" ("id", "gym_id", "name", "phone", "emergency_contact", "blood_group", "join_date", "created_at", "updated_at", "status", "frozen_at", "freeze_reason_type", "freeze_custom_reason", "freeze_notes", "frozen_by", "freeze_date") VALUES ('00e8a822-192b-4e23-9c83-0165ab4310c6', '24d69d8c-0cbe-4dcf-acd0-c340802d672c', 'mangu', '+91 76786 76789', '', '', '2026-06-12T18:30:00.000Z', '2026-06-13T18:39:45.661Z', '2026-06-13T18:39:45.661Z', 'ACTIVE', NULL, NULL, NULL, NULL, NULL, NULL);
INSERT INTO "members" ("id", "gym_id", "name", "phone", "emergency_contact", "blood_group", "join_date", "created_at", "updated_at", "status", "frozen_at", "freeze_reason_type", "freeze_custom_reason", "freeze_notes", "frozen_by", "freeze_date") VALUES ('fbff0ade-5948-4cef-b8e7-429dddd7275f', '24d69d8c-0cbe-4dcf-acd0-c340802d672c', 'moti', '+91 68655 67568', '', '', '2026-06-12T18:30:00.000Z', '2026-06-13T18:40:00.177Z', '2026-06-13T18:40:00.177Z', 'ACTIVE', NULL, NULL, NULL, NULL, NULL, NULL);
INSERT INTO "members" ("id", "gym_id", "name", "phone", "emergency_contact", "blood_group", "join_date", "created_at", "updated_at", "status", "frozen_at", "freeze_reason_type", "freeze_custom_reason", "freeze_notes", "frozen_by", "freeze_date") VALUES ('4a0b09fa-f3a2-4f1b-969a-d69075fe5a2f', '24d69d8c-0cbe-4dcf-acd0-c340802d672c', 'ramu', '+91 69786 96595', '', '', '2026-06-12T18:30:00.000Z', '2026-06-13T18:40:11.398Z', '2026-06-13T18:40:11.398Z', 'ACTIVE', NULL, NULL, NULL, NULL, NULL, NULL);
INSERT INTO "members" ("id", "gym_id", "name", "phone", "emergency_contact", "blood_group", "join_date", "created_at", "updated_at", "status", "frozen_at", "freeze_reason_type", "freeze_custom_reason", "freeze_notes", "frozen_by", "freeze_date") VALUES ('f6a70ecc-8474-4823-81b1-8cbc13c2bdb7', '24d69d8c-0cbe-4dcf-acd0-c340802d672c', 'raju', '+91 97868 96559', '', '', '2026-06-12T18:30:00.000Z', '2026-06-13T18:40:19.421Z', '2026-06-13T18:40:19.421Z', 'ACTIVE', NULL, NULL, NULL, NULL, NULL, NULL);
INSERT INTO "members" ("id", "gym_id", "name", "phone", "emergency_contact", "blood_group", "join_date", "created_at", "updated_at", "status", "frozen_at", "freeze_reason_type", "freeze_custom_reason", "freeze_notes", "frozen_by", "freeze_date") VALUES ('88ec47a8-faa9-4e7f-a17d-f413405baae6', '24d69d8c-0cbe-4dcf-acd0-c340802d672c', 'rani', '+91 65765 58575', '', '', '2026-06-12T18:30:00.000Z', '2026-06-13T18:40:27.052Z', '2026-06-13T18:40:27.052Z', 'ACTIVE', NULL, NULL, NULL, NULL, NULL, NULL);
INSERT INTO "members" ("id", "gym_id", "name", "phone", "emergency_contact", "blood_group", "join_date", "created_at", "updated_at", "status", "frozen_at", "freeze_reason_type", "freeze_custom_reason", "freeze_notes", "frozen_by", "freeze_date") VALUES ('facfd03a-5d17-4bc3-b8f4-25273b2cb5f3', '24d69d8c-0cbe-4dcf-acd0-c340802d672c', 'ravi prasad', '+91 65565 76557', '', '', '2026-06-12T18:30:00.000Z', '2026-06-13T18:40:41.568Z', '2026-06-13T18:40:41.568Z', 'ACTIVE', NULL, NULL, NULL, NULL, NULL, NULL);
INSERT INTO "members" ("id", "gym_id", "name", "phone", "emergency_contact", "blood_group", "join_date", "created_at", "updated_at", "status", "frozen_at", "freeze_reason_type", "freeze_custom_reason", "freeze_notes", "frozen_by", "freeze_date") VALUES ('a83d4d05-c8b7-4aa8-be09-24c4b1125817', '24d69d8c-0cbe-4dcf-acd0-c340802d672c', 'wasim', '+91 75986 56975', '', '', '2026-06-12T18:30:00.000Z', '2026-06-13T18:41:01.308Z', '2026-06-13T18:41:01.308Z', 'ACTIVE', NULL, NULL, NULL, NULL, NULL, NULL);
INSERT INTO "members" ("id", "gym_id", "name", "phone", "emergency_contact", "blood_group", "join_date", "created_at", "updated_at", "status", "frozen_at", "freeze_reason_type", "freeze_custom_reason", "freeze_notes", "frozen_by", "freeze_date") VALUES ('5950d1b1-dbce-4535-a156-39993b3ff8fc', '24d69d8c-0cbe-4dcf-acd0-c340802d672c', 'abrian', '+91 87678 68756', '', '', '2026-06-12T18:30:00.000Z', '2026-06-13T18:41:24.091Z', '2026-06-13T18:41:24.091Z', 'ACTIVE', NULL, NULL, NULL, NULL, NULL, NULL);
INSERT INTO "members" ("id", "gym_id", "name", "phone", "emergency_contact", "blood_group", "join_date", "created_at", "updated_at", "status", "frozen_at", "freeze_reason_type", "freeze_custom_reason", "freeze_notes", "frozen_by", "freeze_date") VALUES ('817016ff-16b5-4a0c-ba7e-f6361d9a2641', '24d69d8c-0cbe-4dcf-acd0-c340802d672c', 'shaizy', '+91 56755 85657', '', '', '2026-06-12T18:30:00.000Z', '2026-06-13T18:41:32.690Z', '2026-06-13T18:41:32.690Z', 'ACTIVE', NULL, NULL, NULL, NULL, NULL, NULL);
INSERT INTO "members" ("id", "gym_id", "name", "phone", "emergency_contact", "blood_group", "join_date", "created_at", "updated_at", "status", "frozen_at", "freeze_reason_type", "freeze_custom_reason", "freeze_notes", "frozen_by", "freeze_date") VALUES ('acf20e54-b512-495f-b3d1-c19d00105370', '24d69d8c-0cbe-4dcf-acd0-c340802d672c', 'amit malik', '+91 56567 58565', '', '', '2026-06-12T18:30:00.000Z', '2026-06-13T18:41:43.109Z', '2026-06-13T18:41:43.109Z', 'ACTIVE', NULL, NULL, NULL, NULL, NULL, NULL);
INSERT INTO "members" ("id", "gym_id", "name", "phone", "emergency_contact", "blood_group", "join_date", "created_at", "updated_at", "status", "frozen_at", "freeze_reason_type", "freeze_custom_reason", "freeze_notes", "frozen_by", "freeze_date") VALUES ('c074214f-73ee-4e5e-bcdd-397c2fcf0f26', '24d69d8c-0cbe-4dcf-acd0-c340802d672c', 'darab ahmad', '+91 68675 85685', '', '', '2026-06-12T18:30:00.000Z', '2026-06-13T18:41:53.838Z', '2026-06-13T18:41:53.838Z', 'ACTIVE', NULL, NULL, NULL, NULL, NULL, NULL);
INSERT INTO "members" ("id", "gym_id", "name", "phone", "emergency_contact", "blood_group", "join_date", "created_at", "updated_at", "status", "frozen_at", "freeze_reason_type", "freeze_custom_reason", "freeze_notes", "frozen_by", "freeze_date") VALUES ('58f83594-f8a4-4fe4-aa60-275f4fb6680c', '24d69d8c-0cbe-4dcf-acd0-c340802d672c', 'anoop ', '+91 76789 67896', '', '', '2026-06-12T18:30:00.000Z', '2026-06-13T18:42:03.948Z', '2026-06-13T18:42:03.948Z', 'ACTIVE', NULL, NULL, NULL, NULL, NULL, NULL);
INSERT INTO "members" ("id", "gym_id", "name", "phone", "emergency_contact", "blood_group", "join_date", "created_at", "updated_at", "status", "frozen_at", "freeze_reason_type", "freeze_custom_reason", "freeze_notes", "frozen_by", "freeze_date") VALUES ('03c53bf5-dbf7-4878-8577-eacf77cd7deb', '24d69d8c-0cbe-4dcf-acd0-c340802d672c', 'ruby ', '+91 75686 56596', '', '', '2026-06-12T18:30:00.000Z', '2026-06-13T18:42:16.080Z', '2026-06-13T18:42:16.080Z', 'ACTIVE', NULL, NULL, NULL, NULL, NULL, NULL);
INSERT INTO "members" ("id", "gym_id", "name", "phone", "emergency_contact", "blood_group", "join_date", "created_at", "updated_at", "status", "frozen_at", "freeze_reason_type", "freeze_custom_reason", "freeze_notes", "frozen_by", "freeze_date") VALUES ('1188f32a-fe4f-4a1c-ac2f-70715955fdd8', '24d69d8c-0cbe-4dcf-acd0-c340802d672c', 'nameem ', '+91 65658 65865', '', '', '2026-06-12T18:30:00.000Z', '2026-06-13T18:42:27.496Z', '2026-06-13T18:42:27.496Z', 'ACTIVE', NULL, NULL, NULL, NULL, NULL, NULL);
INSERT INTO "members" ("id", "gym_id", "name", "phone", "emergency_contact", "blood_group", "join_date", "created_at", "updated_at", "status", "frozen_at", "freeze_reason_type", "freeze_custom_reason", "freeze_notes", "frozen_by", "freeze_date") VALUES ('1c459a1f-c59b-4345-816d-014c913d3ffd', '24d69d8c-0cbe-4dcf-acd0-c340802d672c', 'tuba', '+91 66576 56758', '', '', '2026-06-12T18:30:00.000Z', '2026-06-13T18:49:57.514Z', '2026-06-13T18:49:57.514Z', 'ACTIVE', NULL, NULL, NULL, NULL, NULL, NULL);
INSERT INTO "members" ("id", "gym_id", "name", "phone", "emergency_contact", "blood_group", "join_date", "created_at", "updated_at", "status", "frozen_at", "freeze_reason_type", "freeze_custom_reason", "freeze_notes", "frozen_by", "freeze_date") VALUES ('4fe8c112-b032-4a54-a77a-7ff3996cf7fc', '24d69d8c-0cbe-4dcf-acd0-c340802d672c', 'danish', '+91 69786 78698', '', '', '2026-06-12T18:30:00.000Z', '2026-06-13T18:50:12.984Z', '2026-06-13T18:50:12.984Z', 'ACTIVE', NULL, NULL, NULL, NULL, NULL, NULL);
INSERT INTO "members" ("id", "gym_id", "name", "phone", "emergency_contact", "blood_group", "join_date", "created_at", "updated_at", "status", "frozen_at", "freeze_reason_type", "freeze_custom_reason", "freeze_notes", "frozen_by", "freeze_date") VALUES ('9bfacd5a-33d6-4fdb-b8da-b5a5303d43e1', '24d69d8c-0cbe-4dcf-acd0-c340802d672c', 'hamza', '+91 65685 65865', '', '', '2026-06-12T18:30:00.000Z', '2026-06-13T18:50:33.615Z', '2026-06-13T18:50:33.615Z', 'ACTIVE', NULL, NULL, NULL, NULL, NULL, NULL);
INSERT INTO "members" ("id", "gym_id", "name", "phone", "emergency_contact", "blood_group", "join_date", "created_at", "updated_at", "status", "frozen_at", "freeze_reason_type", "freeze_custom_reason", "freeze_notes", "frozen_by", "freeze_date") VALUES ('3e214f5f-0cd0-47bc-9b25-669ae536cc4b', '24d69d8c-0cbe-4dcf-acd0-c340802d672c', 'shanu', '+91 68568 58656', '', '', '2026-06-12T18:30:00.000Z', '2026-06-13T18:50:42.016Z', '2026-06-13T18:50:42.016Z', 'ACTIVE', NULL, NULL, NULL, NULL, NULL, NULL);
INSERT INTO "members" ("id", "gym_id", "name", "phone", "emergency_contact", "blood_group", "join_date", "created_at", "updated_at", "status", "frozen_at", "freeze_reason_type", "freeze_custom_reason", "freeze_notes", "frozen_by", "freeze_date") VALUES ('b5b3642f-f693-4c7a-8316-7522d292e23f', '24d69d8c-0cbe-4dcf-acd0-c340802d672c', 'pari', '+91 86565 86557', '', '', '2026-06-12T18:30:00.000Z', '2026-06-13T18:50:57.645Z', '2026-06-13T18:50:57.645Z', 'ACTIVE', NULL, NULL, NULL, NULL, NULL, NULL);
INSERT INTO "members" ("id", "gym_id", "name", "phone", "emergency_contact", "blood_group", "join_date", "created_at", "updated_at", "status", "frozen_at", "freeze_reason_type", "freeze_custom_reason", "freeze_notes", "frozen_by", "freeze_date") VALUES ('4ef8ddb4-31a2-4ec0-a0b4-9a66a39e3b7e', '24d69d8c-0cbe-4dcf-acd0-c340802d672c', 'owais', '+91 76876 78687', '', '', '2026-06-12T18:30:00.000Z', '2026-06-13T18:51:04.916Z', '2026-06-13T18:51:04.916Z', 'ACTIVE', NULL, NULL, NULL, NULL, NULL, NULL);
INSERT INTO "members" ("id", "gym_id", "name", "phone", "emergency_contact", "blood_group", "join_date", "created_at", "updated_at", "status", "frozen_at", "freeze_reason_type", "freeze_custom_reason", "freeze_notes", "frozen_by", "freeze_date") VALUES ('e89a695c-653a-41e1-b475-626bf5b6b6a6', '24d69d8c-0cbe-4dcf-acd0-c340802d672c', 'nia', '+91 75665 85658', '', '', '2026-06-12T18:30:00.000Z', '2026-06-13T18:51:22.670Z', '2026-06-13T18:51:22.670Z', 'ACTIVE', NULL, NULL, NULL, NULL, NULL, NULL);
INSERT INTO "members" ("id", "gym_id", "name", "phone", "emergency_contact", "blood_group", "join_date", "created_at", "updated_at", "status", "frozen_at", "freeze_reason_type", "freeze_custom_reason", "freeze_notes", "frozen_by", "freeze_date") VALUES ('5270be5d-ef9b-47e6-8e9b-b05e0a2724cf', '24d69d8c-0cbe-4dcf-acd0-c340802d672c', 'dadi', '+91 66756 75675', '', '', '2026-06-12T18:30:00.000Z', '2026-06-13T18:51:31.548Z', '2026-06-13T18:51:31.548Z', 'ACTIVE', NULL, NULL, NULL, NULL, NULL, NULL);
INSERT INTO "members" ("id", "gym_id", "name", "phone", "emergency_contact", "blood_group", "join_date", "created_at", "updated_at", "status", "frozen_at", "freeze_reason_type", "freeze_custom_reason", "freeze_notes", "frozen_by", "freeze_date") VALUES ('eb8fb480-ef91-42f9-bb8b-de712034250e', '24d69d8c-0cbe-4dcf-acd0-c340802d672c', 'mani', '+91 76768 76896', '', '', '2026-06-12T18:30:00.000Z', '2026-06-13T18:52:22.142Z', '2026-06-13T18:52:22.142Z', 'ACTIVE', NULL, NULL, NULL, NULL, NULL, NULL);
INSERT INTO "members" ("id", "gym_id", "name", "phone", "emergency_contact", "blood_group", "join_date", "created_at", "updated_at", "status", "frozen_at", "freeze_reason_type", "freeze_custom_reason", "freeze_notes", "frozen_by", "freeze_date") VALUES ('c5a30560-c9e8-4a59-8fb4-8eb5bbe2374b', '24d69d8c-0cbe-4dcf-acd0-c340802d672c', 'shasu', '+91 65757 68768', '', '', '2026-06-12T18:30:00.000Z', '2026-06-13T18:52:30.710Z', '2026-06-13T18:52:30.710Z', 'ACTIVE', NULL, NULL, NULL, NULL, NULL, NULL);
INSERT INTO "members" ("id", "gym_id", "name", "phone", "emergency_contact", "blood_group", "join_date", "created_at", "updated_at", "status", "frozen_at", "freeze_reason_type", "freeze_custom_reason", "freeze_notes", "frozen_by", "freeze_date") VALUES ('c0606228-e061-4feb-9f39-81de8181cd50', '24d69d8c-0cbe-4dcf-acd0-c340802d672c', 'bua', '+91 55787 57576', '', '', '2026-06-12T18:30:00.000Z', '2026-06-13T18:53:00.387Z', '2026-06-13T18:53:00.387Z', 'ACTIVE', NULL, NULL, NULL, NULL, NULL, NULL);
INSERT INTO "members" ("id", "gym_id", "name", "phone", "emergency_contact", "blood_group", "join_date", "created_at", "updated_at", "status", "frozen_at", "freeze_reason_type", "freeze_custom_reason", "freeze_notes", "frozen_by", "freeze_date") VALUES ('6f1065d1-ab66-4b2e-95c5-33d09ceaaa35', '24d69d8c-0cbe-4dcf-acd0-c340802d672c', 'anki', '+91 65656 75678', '', '', '2026-06-12T18:30:00.000Z', '2026-06-13T18:53:09.043Z', '2026-06-13T18:53:09.043Z', 'ACTIVE', NULL, NULL, NULL, NULL, NULL, NULL);
INSERT INTO "members" ("id", "gym_id", "name", "phone", "emergency_contact", "blood_group", "join_date", "created_at", "updated_at", "status", "frozen_at", "freeze_reason_type", "freeze_custom_reason", "freeze_notes", "frozen_by", "freeze_date") VALUES ('8024fd34-ae8b-4205-9573-32721b05fd42', '24d69d8c-0cbe-4dcf-acd0-c340802d672c', 'prashant', '+91 66755 68567', '', '', '2026-06-12T18:30:00.000Z', '2026-06-13T18:53:19.792Z', '2026-06-13T18:53:19.792Z', 'ACTIVE', NULL, NULL, NULL, NULL, NULL, NULL);
INSERT INTO "members" ("id", "gym_id", "name", "phone", "emergency_contact", "blood_group", "join_date", "created_at", "updated_at", "status", "frozen_at", "freeze_reason_type", "freeze_custom_reason", "freeze_notes", "frozen_by", "freeze_date") VALUES ('667c0a71-eec7-4737-8e58-405dfbeff60d', '24d69d8c-0cbe-4dcf-acd0-c340802d672c', 'karan', '+91 67567 56756', '', '', '2026-06-12T18:30:00.000Z', '2026-06-13T18:53:26.277Z', '2026-06-13T18:53:26.277Z', 'ACTIVE', NULL, NULL, NULL, NULL, NULL, NULL);
INSERT INTO "members" ("id", "gym_id", "name", "phone", "emergency_contact", "blood_group", "join_date", "created_at", "updated_at", "status", "frozen_at", "freeze_reason_type", "freeze_custom_reason", "freeze_notes", "frozen_by", "freeze_date") VALUES ('a85b7a07-d592-4939-8ea3-b2e3cd968f1e', '24d69d8c-0cbe-4dcf-acd0-c340802d672c', 'priayal', '+91 65675 67585', '', '', '2026-06-12T18:30:00.000Z', '2026-06-13T18:53:39.067Z', '2026-06-13T18:53:39.067Z', 'ACTIVE', NULL, NULL, NULL, NULL, NULL, NULL);
INSERT INTO "members" ("id", "gym_id", "name", "phone", "emergency_contact", "blood_group", "join_date", "created_at", "updated_at", "status", "frozen_at", "freeze_reason_type", "freeze_custom_reason", "freeze_notes", "frozen_by", "freeze_date") VALUES ('3c914cb6-8485-4c3b-aa92-ed9936336af2', '24d69d8c-0cbe-4dcf-acd0-c340802d672c', 'akku', '+91 87768 97687', '', '', '2026-06-12T18:30:00.000Z', '2026-06-13T18:55:33.582Z', '2026-06-13T18:55:33.582Z', 'ACTIVE', NULL, NULL, NULL, NULL, NULL, NULL);
INSERT INTO "members" ("id", "gym_id", "name", "phone", "emergency_contact", "blood_group", "join_date", "created_at", "updated_at", "status", "frozen_at", "freeze_reason_type", "freeze_custom_reason", "freeze_notes", "frozen_by", "freeze_date") VALUES ('a22cfdf9-1740-44fb-bb0e-a65d7d37996b', '24d69d8c-0cbe-4dcf-acd0-c340802d672c', 'sharma', '+91 87967 89679', '', '', '2026-06-12T18:30:00.000Z', '2026-06-13T18:56:02.988Z', '2026-06-13T18:56:02.988Z', 'ACTIVE', NULL, NULL, NULL, NULL, NULL, NULL);
INSERT INTO "members" ("id", "gym_id", "name", "phone", "emergency_contact", "blood_group", "join_date", "created_at", "updated_at", "status", "frozen_at", "freeze_reason_type", "freeze_custom_reason", "freeze_notes", "frozen_by", "freeze_date") VALUES ('5c54c5b4-4282-43c8-9aff-0e76e440246c', '24d69d8c-0cbe-4dcf-acd0-c340802d672c', 'expriance', '+91 67868 76876', '', '', '2026-06-12T18:30:00.000Z', '2026-06-13T18:56:20.939Z', '2026-06-13T18:56:20.939Z', 'ACTIVE', NULL, NULL, NULL, NULL, NULL, NULL);
INSERT INTO "members" ("id", "gym_id", "name", "phone", "emergency_contact", "blood_group", "join_date", "created_at", "updated_at", "status", "frozen_at", "freeze_reason_type", "freeze_custom_reason", "freeze_notes", "frozen_by", "freeze_date") VALUES ('054501e2-0ccc-4894-9011-26465e7cedf3', '24d69d8c-0cbe-4dcf-acd0-c340802d672c', 'parul', '+91 75586 55857', '', '', '2026-06-12T18:30:00.000Z', '2026-06-13T18:57:03.722Z', '2026-06-13T18:57:03.722Z', 'ACTIVE', NULL, NULL, NULL, NULL, NULL, NULL);
INSERT INTO "members" ("id", "gym_id", "name", "phone", "emergency_contact", "blood_group", "join_date", "created_at", "updated_at", "status", "frozen_at", "freeze_reason_type", "freeze_custom_reason", "freeze_notes", "frozen_by", "freeze_date") VALUES ('7fadcda6-262f-4705-83be-83bbc2e97838', '24d69d8c-0cbe-4dcf-acd0-c340802d672c', 'ipshita', '+91 67868 79678', '', '', '2026-06-12T18:30:00.000Z', '2026-06-13T18:57:11.627Z', '2026-06-13T18:57:11.627Z', 'ACTIVE', NULL, NULL, NULL, NULL, NULL, NULL);
INSERT INTO "members" ("id", "gym_id", "name", "phone", "emergency_contact", "blood_group", "join_date", "created_at", "updated_at", "status", "frozen_at", "freeze_reason_type", "freeze_custom_reason", "freeze_notes", "frozen_by", "freeze_date") VALUES ('46d5b3e8-0f6a-4ec9-b8f7-4d6fc7b1719e', '24d69d8c-0cbe-4dcf-acd0-c340802d672c', 'diya', '+91 65657 65675', '', '', '2026-06-12T18:30:00.000Z', '2026-06-13T18:57:18.965Z', '2026-06-13T18:57:18.965Z', 'ACTIVE', NULL, NULL, NULL, NULL, NULL, NULL);
INSERT INTO "members" ("id", "gym_id", "name", "phone", "emergency_contact", "blood_group", "join_date", "created_at", "updated_at", "status", "frozen_at", "freeze_reason_type", "freeze_custom_reason", "freeze_notes", "frozen_by", "freeze_date") VALUES ('cef1ffca-1c40-46f4-b1aa-c0104d3bf2d1', '24d69d8c-0cbe-4dcf-acd0-c340802d672c', 'aryan', '+91 68565 87658', '', '', '2026-06-12T18:30:00.000Z', '2026-06-13T18:57:27.700Z', '2026-06-13T18:57:27.700Z', 'ACTIVE', NULL, NULL, NULL, NULL, NULL, NULL);
INSERT INTO "members" ("id", "gym_id", "name", "phone", "emergency_contact", "blood_group", "join_date", "created_at", "updated_at", "status", "frozen_at", "freeze_reason_type", "freeze_custom_reason", "freeze_notes", "frozen_by", "freeze_date") VALUES ('0e90be30-a11b-4a03-847c-32a7ff773cc7', '24d69d8c-0cbe-4dcf-acd0-c340802d672c', 'harshit', '+91 65567 56757', '', '', '2026-06-12T18:30:00.000Z', '2026-06-13T18:57:41.117Z', '2026-06-13T18:57:41.117Z', 'ACTIVE', NULL, NULL, NULL, NULL, NULL, NULL);
INSERT INTO "members" ("id", "gym_id", "name", "phone", "emergency_contact", "blood_group", "join_date", "created_at", "updated_at", "status", "frozen_at", "freeze_reason_type", "freeze_custom_reason", "freeze_notes", "frozen_by", "freeze_date") VALUES ('c4e4d045-260e-434c-93f2-5584159cd194', '24d69d8c-0cbe-4dcf-acd0-c340802d672c', 'muskan', '+91 76678 68769', '', '', '2026-06-12T18:30:00.000Z', '2026-06-13T18:58:04.264Z', '2026-06-13T18:58:04.264Z', 'ACTIVE', NULL, NULL, NULL, NULL, NULL, NULL);
INSERT INTO "members" ("id", "gym_id", "name", "phone", "emergency_contact", "blood_group", "join_date", "created_at", "updated_at", "status", "frozen_at", "freeze_reason_type", "freeze_custom_reason", "freeze_notes", "frozen_by", "freeze_date") VALUES ('0d8cafbd-f42e-4687-873d-49d566bfb8bc', '24d69d8c-0cbe-4dcf-acd0-c340802d672c', 'akash', '+91 76786 89767', '', '', '2026-06-12T18:30:00.000Z', '2026-06-13T18:58:13.837Z', '2026-06-13T18:58:13.837Z', 'ACTIVE', NULL, NULL, NULL, NULL, NULL, NULL);
INSERT INTO "members" ("id", "gym_id", "name", "phone", "emergency_contact", "blood_group", "join_date", "created_at", "updated_at", "status", "frozen_at", "freeze_reason_type", "freeze_custom_reason", "freeze_notes", "frozen_by", "freeze_date") VALUES ('60bf586b-0f32-4afb-b280-304de51b47f5', '24d69d8c-0cbe-4dcf-acd0-c340802d672c', 'sumit', '+91 65658 56757', '', '', '2026-06-12T18:30:00.000Z', '2026-06-13T18:59:29.529Z', '2026-06-13T18:59:29.529Z', 'ACTIVE', NULL, NULL, NULL, NULL, NULL, NULL);
INSERT INTO "members" ("id", "gym_id", "name", "phone", "emergency_contact", "blood_group", "join_date", "created_at", "updated_at", "status", "frozen_at", "freeze_reason_type", "freeze_custom_reason", "freeze_notes", "frozen_by", "freeze_date") VALUES ('e375f962-f10f-4472-93ed-3031bd6bbfc9', '24d69d8c-0cbe-4dcf-acd0-c340802d672c', 'anas', '+91 79867 86786', '', '', '2026-06-12T18:30:00.000Z', '2026-06-13T18:59:39.165Z', '2026-06-13T18:59:39.165Z', 'ACTIVE', NULL, NULL, NULL, NULL, NULL, NULL);
INSERT INTO "members" ("id", "gym_id", "name", "phone", "emergency_contact", "blood_group", "join_date", "created_at", "updated_at", "status", "frozen_at", "freeze_reason_type", "freeze_custom_reason", "freeze_notes", "frozen_by", "freeze_date") VALUES ('d381ba29-487e-4cd1-b3b9-fe257166a29c', '24d69d8c-0cbe-4dcf-acd0-c340802d672c', 'fardeen', '+91 78987 89780', '', '', '2026-06-12T18:30:00.000Z', '2026-06-13T18:59:59.698Z', '2026-06-13T18:59:59.698Z', 'ACTIVE', NULL, NULL, NULL, NULL, NULL, NULL);
INSERT INTO "members" ("id", "gym_id", "name", "phone", "emergency_contact", "blood_group", "join_date", "created_at", "updated_at", "status", "frozen_at", "freeze_reason_type", "freeze_custom_reason", "freeze_notes", "frozen_by", "freeze_date") VALUES ('e530257c-0d67-42d1-92be-f7e37ff9c4a7', '24d69d8c-0cbe-4dcf-acd0-c340802d672c', 'raz', '+91 76978 67678', '', '', '2026-06-12T18:30:00.000Z', '2026-06-13T19:00:12.486Z', '2026-06-13T19:00:12.486Z', 'ACTIVE', NULL, NULL, NULL, NULL, NULL, NULL);
INSERT INTO "members" ("id", "gym_id", "name", "phone", "emergency_contact", "blood_group", "join_date", "created_at", "updated_at", "status", "frozen_at", "freeze_reason_type", "freeze_custom_reason", "freeze_notes", "frozen_by", "freeze_date") VALUES ('15eb3448-af30-44fa-947b-e46c102dcecc', '24d69d8c-0cbe-4dcf-acd0-c340802d672c', 'mena', '+91 76869 85656', '', '', '2026-06-12T18:30:00.000Z', '2026-06-13T19:00:25.107Z', '2026-06-13T19:00:25.107Z', 'ACTIVE', NULL, NULL, NULL, NULL, NULL, NULL);
INSERT INTO "members" ("id", "gym_id", "name", "phone", "emergency_contact", "blood_group", "join_date", "created_at", "updated_at", "status", "frozen_at", "freeze_reason_type", "freeze_custom_reason", "freeze_notes", "frozen_by", "freeze_date") VALUES ('b85cd95a-d0dd-472a-976e-ca78582a549c', '24d69d8c-0cbe-4dcf-acd0-c340802d672c', 'tinsu', '+91 67896 78687', '', '', '2026-06-12T18:30:00.000Z', '2026-06-13T19:00:51.899Z', '2026-06-13T19:00:51.899Z', 'ACTIVE', NULL, NULL, NULL, NULL, NULL, NULL);
INSERT INTO "members" ("id", "gym_id", "name", "phone", "emergency_contact", "blood_group", "join_date", "created_at", "updated_at", "status", "frozen_at", "freeze_reason_type", "freeze_custom_reason", "freeze_notes", "frozen_by", "freeze_date") VALUES ('c21547f4-501f-4b4d-82d3-23b75cb2194e', '24d69d8c-0cbe-4dcf-acd0-c340802d672c', 'mahi', '+91 56758 56758', '', '', '2026-06-12T18:30:00.000Z', '2026-06-13T19:01:14.025Z', '2026-06-13T19:01:14.025Z', 'ACTIVE', NULL, NULL, NULL, NULL, NULL, NULL);
INSERT INTO "members" ("id", "gym_id", "name", "phone", "emergency_contact", "blood_group", "join_date", "created_at", "updated_at", "status", "frozen_at", "freeze_reason_type", "freeze_custom_reason", "freeze_notes", "frozen_by", "freeze_date") VALUES ('dfb51508-2c6d-47e3-bf1e-ea1ee4a65725', '24d69d8c-0cbe-4dcf-acd0-c340802d672c', 'ponam', '+91 76786 98767', '', '', '2026-06-12T18:30:00.000Z', '2026-06-13T19:01:21.658Z', '2026-06-13T19:01:21.658Z', 'ACTIVE', NULL, NULL, NULL, NULL, NULL, NULL);
INSERT INTO "members" ("id", "gym_id", "name", "phone", "emergency_contact", "blood_group", "join_date", "created_at", "updated_at", "status", "frozen_at", "freeze_reason_type", "freeze_custom_reason", "freeze_notes", "frozen_by", "freeze_date") VALUES ('123d77bd-80e5-4a91-b9eb-b8e9dee3bfb8', '24d69d8c-0cbe-4dcf-acd0-c340802d672c', 'khushi', '+91 65567 56758', '', '', '2026-06-12T18:30:00.000Z', '2026-06-13T19:01:53.080Z', '2026-06-13T19:01:53.080Z', 'ACTIVE', NULL, NULL, NULL, NULL, NULL, NULL);
INSERT INTO "members" ("id", "gym_id", "name", "phone", "emergency_contact", "blood_group", "join_date", "created_at", "updated_at", "status", "frozen_at", "freeze_reason_type", "freeze_custom_reason", "freeze_notes", "frozen_by", "freeze_date") VALUES ('23859ef4-58d2-4470-9a36-ced08d0d552f', '24d69d8c-0cbe-4dcf-acd0-c340802d672c', 'piush', '+91 65658 65855', '', '', '2026-06-12T18:30:00.000Z', '2026-06-13T19:02:14.071Z', '2026-06-13T19:02:14.071Z', 'ACTIVE', NULL, NULL, NULL, NULL, NULL, NULL);
INSERT INTO "members" ("id", "gym_id", "name", "phone", "emergency_contact", "blood_group", "join_date", "created_at", "updated_at", "status", "frozen_at", "freeze_reason_type", "freeze_custom_reason", "freeze_notes", "frozen_by", "freeze_date") VALUES ('19b1388b-81fa-4c2a-8d57-bf88e7d2ea12', '24d69d8c-0cbe-4dcf-acd0-c340802d672c', 'sania', '+91 76565 67586', '', '', '2026-06-12T18:30:00.000Z', '2026-06-13T19:02:21.040Z', '2026-06-13T19:02:21.040Z', 'ACTIVE', NULL, NULL, NULL, NULL, NULL, NULL);
INSERT INTO "members" ("id", "gym_id", "name", "phone", "emergency_contact", "blood_group", "join_date", "created_at", "updated_at", "status", "frozen_at", "freeze_reason_type", "freeze_custom_reason", "freeze_notes", "frozen_by", "freeze_date") VALUES ('26d32f84-0fbc-4fa5-920e-618095b643ed', '24d69d8c-0cbe-4dcf-acd0-c340802d672c', 'iqra', '+91 65586 56567', '', '', '2026-06-12T18:30:00.000Z', '2026-06-13T19:02:27.641Z', '2026-06-13T19:02:27.641Z', 'ACTIVE', NULL, NULL, NULL, NULL, NULL, NULL);
INSERT INTO "members" ("id", "gym_id", "name", "phone", "emergency_contact", "blood_group", "join_date", "created_at", "updated_at", "status", "frozen_at", "freeze_reason_type", "freeze_custom_reason", "freeze_notes", "frozen_by", "freeze_date") VALUES ('e7004e2d-32ca-4804-8b48-b88e3f574a04', '24d69d8c-0cbe-4dcf-acd0-c340802d672c', 'ariba', '+91 68568 56575', '', '', '2026-06-12T18:30:00.000Z', '2026-06-13T19:02:34.858Z', '2026-06-13T19:02:34.858Z', 'ACTIVE', NULL, NULL, NULL, NULL, NULL, NULL);
INSERT INTO "members" ("id", "gym_id", "name", "phone", "emergency_contact", "blood_group", "join_date", "created_at", "updated_at", "status", "frozen_at", "freeze_reason_type", "freeze_custom_reason", "freeze_notes", "frozen_by", "freeze_date") VALUES ('6814ebae-5031-40b2-b5a6-7fb04ebf4f31', '24d69d8c-0cbe-4dcf-acd0-c340802d672c', 'ameer', '+91 65756 85675', '', '', '2026-06-12T18:30:00.000Z', '2026-06-13T19:02:43.955Z', '2026-06-13T19:02:43.955Z', 'ACTIVE', NULL, NULL, NULL, NULL, NULL, NULL);
INSERT INTO "members" ("id", "gym_id", "name", "phone", "emergency_contact", "blood_group", "join_date", "created_at", "updated_at", "status", "frozen_at", "freeze_reason_type", "freeze_custom_reason", "freeze_notes", "frozen_by", "freeze_date") VALUES ('f18881a2-edf2-46bb-b951-436d2d490b17', '24d69d8c-0cbe-4dcf-acd0-c340802d672c', 'dell', '+91 69858 66955', '', '', '2026-06-12T18:30:00.000Z', '2026-06-13T19:02:57.786Z', '2026-06-13T19:02:57.786Z', 'ACTIVE', NULL, NULL, NULL, NULL, NULL, NULL);
INSERT INTO "members" ("id", "gym_id", "name", "phone", "emergency_contact", "blood_group", "join_date", "created_at", "updated_at", "status", "frozen_at", "freeze_reason_type", "freeze_custom_reason", "freeze_notes", "frozen_by", "freeze_date") VALUES ('60e417de-bac6-4e6d-b6ad-6381d5d612e8', '24d69d8c-0cbe-4dcf-acd0-c340802d672c', 'ritu', '+91 79565 65695', '', '', '2026-06-12T18:30:00.000Z', '2026-06-13T19:03:39.757Z', '2026-06-13T19:03:39.757Z', 'ACTIVE', NULL, NULL, NULL, NULL, NULL, NULL);
INSERT INTO "members" ("id", "gym_id", "name", "phone", "emergency_contact", "blood_group", "join_date", "created_at", "updated_at", "status", "frozen_at", "freeze_reason_type", "freeze_custom_reason", "freeze_notes", "frozen_by", "freeze_date") VALUES ('cc9a2ea4-9620-4f06-9cb8-1f923e6f26cf', '24d69d8c-0cbe-4dcf-acd0-c340802d672c', 'kainat', '+91 96965 65695', '', '', '2026-06-12T18:30:00.000Z', '2026-06-13T19:03:48.895Z', '2026-06-13T19:03:48.895Z', 'ACTIVE', NULL, NULL, NULL, NULL, NULL, NULL);
INSERT INTO "members" ("id", "gym_id", "name", "phone", "emergency_contact", "blood_group", "join_date", "created_at", "updated_at", "status", "frozen_at", "freeze_reason_type", "freeze_custom_reason", "freeze_notes", "frozen_by", "freeze_date") VALUES ('57f323c1-21cb-4634-8195-c52de2ff6656', '24d69d8c-0cbe-4dcf-acd0-c340802d672c', 'sajjad', '+91 84564 56465', '', '', '2026-06-12T18:30:00.000Z', '2026-06-13T19:04:08.757Z', '2026-06-13T19:04:08.757Z', 'ACTIVE', NULL, NULL, NULL, NULL, NULL, NULL);
INSERT INTO "members" ("id", "gym_id", "name", "phone", "emergency_contact", "blood_group", "join_date", "created_at", "updated_at", "status", "frozen_at", "freeze_reason_type", "freeze_custom_reason", "freeze_notes", "frozen_by", "freeze_date") VALUES ('68dfaeb5-ce76-4210-b35b-3ea00d8c0987', '24d69d8c-0cbe-4dcf-acd0-c340802d672c', 'aqib', '+91 68544 56465', '', '', '2026-06-12T18:30:00.000Z', '2026-06-13T19:04:26.486Z', '2026-06-13T19:04:26.486Z', 'ACTIVE', NULL, NULL, NULL, NULL, NULL, NULL);
INSERT INTO "members" ("id", "gym_id", "name", "phone", "emergency_contact", "blood_group", "join_date", "created_at", "updated_at", "status", "frozen_at", "freeze_reason_type", "freeze_custom_reason", "freeze_notes", "frozen_by", "freeze_date") VALUES ('099fcc21-02a1-4913-a9fa-697449258132', '24d69d8c-0cbe-4dcf-acd0-c340802d672c', 'mohsin', '+91 65656 58675', '', '', '2026-06-12T18:30:00.000Z', '2026-06-13T19:04:38.525Z', '2026-06-13T19:04:38.525Z', 'ACTIVE', NULL, NULL, NULL, NULL, NULL, NULL);
INSERT INTO "members" ("id", "gym_id", "name", "phone", "emergency_contact", "blood_group", "join_date", "created_at", "updated_at", "status", "frozen_at", "freeze_reason_type", "freeze_custom_reason", "freeze_notes", "frozen_by", "freeze_date") VALUES ('776e9e1d-6fed-4b4b-ab94-f99f6ced2f94', '24d69d8c-0cbe-4dcf-acd0-c340802d672c', 'ariba', '+91 65486 46587', '', '', '2026-06-12T18:30:00.000Z', '2026-06-13T19:04:52.815Z', '2026-06-13T19:04:52.815Z', 'ACTIVE', NULL, NULL, NULL, NULL, NULL, NULL);
INSERT INTO "members" ("id", "gym_id", "name", "phone", "emergency_contact", "blood_group", "join_date", "created_at", "updated_at", "status", "frozen_at", "freeze_reason_type", "freeze_custom_reason", "freeze_notes", "frozen_by", "freeze_date") VALUES ('df4e1fbc-efc0-4dc9-9101-9c3dd335f4c7', '24d69d8c-0cbe-4dcf-acd0-c340802d672c', 'adeeba', '+91 56567 57657', '', '', '2026-06-12T18:30:00.000Z', '2026-06-13T19:05:13.884Z', '2026-06-13T19:05:13.884Z', 'ACTIVE', NULL, NULL, NULL, NULL, NULL, NULL);
INSERT INTO "members" ("id", "gym_id", "name", "phone", "emergency_contact", "blood_group", "join_date", "created_at", "updated_at", "status", "frozen_at", "freeze_reason_type", "freeze_custom_reason", "freeze_notes", "frozen_by", "freeze_date") VALUES ('15c81ed7-3d7b-4f6b-b004-1d9e81eba87f', '24d69d8c-0cbe-4dcf-acd0-c340802d672c', 'ali', '+91 65675 85675', '', '', '2026-06-12T18:30:00.000Z', '2026-06-13T19:05:20.554Z', '2026-06-13T19:05:20.554Z', 'ACTIVE', NULL, NULL, NULL, NULL, NULL, NULL);
INSERT INTO "members" ("id", "gym_id", "name", "phone", "emergency_contact", "blood_group", "join_date", "created_at", "updated_at", "status", "frozen_at", "freeze_reason_type", "freeze_custom_reason", "freeze_notes", "frozen_by", "freeze_date") VALUES ('ad3d8ceb-e8c5-4705-a718-e5634598db3f', '24d69d8c-0cbe-4dcf-acd0-c340802d672c', 'bapu', '+91 65665 65675', '', '', '2026-06-12T18:30:00.000Z', '2026-06-13T19:05:54.668Z', '2026-06-13T19:05:54.668Z', 'ACTIVE', NULL, NULL, NULL, NULL, NULL, NULL);
INSERT INTO "members" ("id", "gym_id", "name", "phone", "emergency_contact", "blood_group", "join_date", "created_at", "updated_at", "status", "frozen_at", "freeze_reason_type", "freeze_custom_reason", "freeze_notes", "frozen_by", "freeze_date") VALUES ('265cc057-be3a-487a-ac18-557fad24de62', '24d69d8c-0cbe-4dcf-acd0-c340802d672c', 'moni', '+91 56567 56756', '', '', '2026-06-12T18:30:00.000Z', '2026-06-13T19:06:04.489Z', '2026-06-13T19:06:04.489Z', 'ACTIVE', NULL, NULL, NULL, NULL, NULL, NULL);
INSERT INTO "members" ("id", "gym_id", "name", "phone", "emergency_contact", "blood_group", "join_date", "created_at", "updated_at", "status", "frozen_at", "freeze_reason_type", "freeze_custom_reason", "freeze_notes", "frozen_by", "freeze_date") VALUES ('6cf8e3dc-741a-4a97-992f-921225e3f3ab', '24d69d8c-0cbe-4dcf-acd0-c340802d672c', 'raj', '+91 65658 67585', '', '', '2026-06-12T18:30:00.000Z', '2026-06-13T19:06:28.129Z', '2026-06-13T19:06:28.129Z', 'ACTIVE', NULL, NULL, NULL, NULL, NULL, NULL);
INSERT INTO "members" ("id", "gym_id", "name", "phone", "emergency_contact", "blood_group", "join_date", "created_at", "updated_at", "status", "frozen_at", "freeze_reason_type", "freeze_custom_reason", "freeze_notes", "frozen_by", "freeze_date") VALUES ('27092b61-b03d-4275-b175-ae0443af25b1', '24d69d8c-0cbe-4dcf-acd0-c340802d672c', 'himanshu', '+91 56756 75675', '', '', '2026-06-12T18:30:00.000Z', '2026-06-13T19:07:03.799Z', '2026-06-13T19:07:03.799Z', 'ACTIVE', NULL, NULL, NULL, NULL, NULL, NULL);
INSERT INTO "members" ("id", "gym_id", "name", "phone", "emergency_contact", "blood_group", "join_date", "created_at", "updated_at", "status", "frozen_at", "freeze_reason_type", "freeze_custom_reason", "freeze_notes", "frozen_by", "freeze_date") VALUES ('71b4d9f5-3a3b-4369-8e71-c6b14b7ccb9f', '24d69d8c-0cbe-4dcf-acd0-c340802d672c', 'azhar', '+91 65656 56585', '', '', '2026-06-12T18:30:00.000Z', '2026-06-13T19:07:11.702Z', '2026-06-13T19:07:11.702Z', 'ACTIVE', NULL, NULL, NULL, NULL, NULL, NULL);
INSERT INTO "members" ("id", "gym_id", "name", "phone", "emergency_contact", "blood_group", "join_date", "created_at", "updated_at", "status", "frozen_at", "freeze_reason_type", "freeze_custom_reason", "freeze_notes", "frozen_by", "freeze_date") VALUES ('b84e9947-8eee-42e9-890f-f4575b98feca', '24d69d8c-0cbe-4dcf-acd0-c340802d672c', 'viakass', '+91 67869 87687', '', '', '2026-06-12T18:30:00.000Z', '2026-06-13T19:07:21.506Z', '2026-06-13T19:07:21.506Z', 'ACTIVE', NULL, NULL, NULL, NULL, NULL, NULL);
INSERT INTO "members" ("id", "gym_id", "name", "phone", "emergency_contact", "blood_group", "join_date", "created_at", "updated_at", "status", "frozen_at", "freeze_reason_type", "freeze_custom_reason", "freeze_notes", "frozen_by", "freeze_date") VALUES ('5bd95979-29e7-4ded-8061-7e9869e38ee2', '24d69d8c-0cbe-4dcf-acd0-c340802d672c', 'rami', '+91 98786 75653', '', '', '2026-06-12T18:30:00.000Z', '2026-06-13T19:08:15.144Z', '2026-06-13T19:08:15.144Z', 'ACTIVE', NULL, NULL, NULL, NULL, NULL, NULL);
INSERT INTO "members" ("id", "gym_id", "name", "phone", "emergency_contact", "blood_group", "join_date", "created_at", "updated_at", "status", "frozen_at", "freeze_reason_type", "freeze_custom_reason", "freeze_notes", "frozen_by", "freeze_date") VALUES ('ff0708a5-0aeb-458b-aee4-5e5d00950e90', '24d69d8c-0cbe-4dcf-acd0-c340802d672c', 'reema', '+91 65665 87656', '', '', '2026-06-12T18:30:00.000Z', '2026-06-13T19:08:28.996Z', '2026-06-13T19:08:28.996Z', 'ACTIVE', NULL, NULL, NULL, NULL, NULL, NULL);
INSERT INTO "members" ("id", "gym_id", "name", "phone", "emergency_contact", "blood_group", "join_date", "created_at", "updated_at", "status", "frozen_at", "freeze_reason_type", "freeze_custom_reason", "freeze_notes", "frozen_by", "freeze_date") VALUES ('9922173f-254b-4e32-b63d-c49fe93ee916', '24d69d8c-0cbe-4dcf-acd0-c340802d672c', 'parth', '+91 65675 67567', '', '', '2026-06-12T18:30:00.000Z', '2026-06-13T19:09:23.383Z', '2026-06-13T19:09:23.383Z', 'ACTIVE', NULL, NULL, NULL, NULL, NULL, NULL);
INSERT INTO "members" ("id", "gym_id", "name", "phone", "emergency_contact", "blood_group", "join_date", "created_at", "updated_at", "status", "frozen_at", "freeze_reason_type", "freeze_custom_reason", "freeze_notes", "frozen_by", "freeze_date") VALUES ('eb8acee6-4adb-41a3-a300-9028da99e9bf', '24d69d8c-0cbe-4dcf-acd0-c340802d672c', 'ammo', '+91 76565 67565', '', '', '2026-06-12T18:30:00.000Z', '2026-06-13T19:11:11.770Z', '2026-06-13T19:11:11.770Z', 'ACTIVE', NULL, NULL, NULL, NULL, NULL, NULL);
INSERT INTO "members" ("id", "gym_id", "name", "phone", "emergency_contact", "blood_group", "join_date", "created_at", "updated_at", "status", "frozen_at", "freeze_reason_type", "freeze_custom_reason", "freeze_notes", "frozen_by", "freeze_date") VALUES ('61f0887c-5732-4f57-b683-a09c9cb40fdb', '24d69d8c-0cbe-4dcf-acd0-c340802d672c', 'subash', '+91 56856 56756', '', '', '2026-06-12T18:30:00.000Z', '2026-06-13T19:11:19.618Z', '2026-06-13T19:11:19.618Z', 'ACTIVE', NULL, NULL, NULL, NULL, NULL, NULL);
INSERT INTO "members" ("id", "gym_id", "name", "phone", "emergency_contact", "blood_group", "join_date", "created_at", "updated_at", "status", "frozen_at", "freeze_reason_type", "freeze_custom_reason", "freeze_notes", "frozen_by", "freeze_date") VALUES ('dea134f0-22b8-4c77-ad05-ea2c7729edfd', '24d69d8c-0cbe-4dcf-acd0-c340802d672c', 'mayank', '+91 65658 65678', '', '', '2026-06-12T18:30:00.000Z', '2026-06-13T19:11:26.248Z', '2026-06-13T19:11:26.248Z', 'ACTIVE', NULL, NULL, NULL, NULL, NULL, NULL);
INSERT INTO "members" ("id", "gym_id", "name", "phone", "emergency_contact", "blood_group", "join_date", "created_at", "updated_at", "status", "frozen_at", "freeze_reason_type", "freeze_custom_reason", "freeze_notes", "frozen_by", "freeze_date") VALUES ('c3af8f06-df59-4f2a-b6b2-17bc0db3925d', '24d69d8c-0cbe-4dcf-acd0-c340802d672c', 'naman', '+91 76786 87687', '', '', '2026-06-12T18:30:00.000Z', '2026-06-13T19:11:41.125Z', '2026-06-13T19:11:41.125Z', 'ACTIVE', NULL, NULL, NULL, NULL, NULL, NULL);
INSERT INTO "members" ("id", "gym_id", "name", "phone", "emergency_contact", "blood_group", "join_date", "created_at", "updated_at", "status", "frozen_at", "freeze_reason_type", "freeze_custom_reason", "freeze_notes", "frozen_by", "freeze_date") VALUES ('93530c21-0976-4d03-b288-54608ae1c1ba', '24d69d8c-0cbe-4dcf-acd0-c340802d672c', 'rihan', '+91 56654 54564', '', '', '2026-06-12T18:30:00.000Z', '2026-06-13T19:11:52.534Z', '2026-06-13T19:11:52.534Z', 'ACTIVE', NULL, NULL, NULL, NULL, NULL, NULL);
INSERT INTO "members" ("id", "gym_id", "name", "phone", "emergency_contact", "blood_group", "join_date", "created_at", "updated_at", "status", "frozen_at", "freeze_reason_type", "freeze_custom_reason", "freeze_notes", "frozen_by", "freeze_date") VALUES ('d5672195-774e-415c-a6ff-e4253678d5cb', '24d69d8c-0cbe-4dcf-acd0-c340802d672c', 'moni', '+91 75675 45456', '', '', '2026-06-12T18:30:00.000Z', '2026-06-13T19:12:03.634Z', '2026-06-13T19:12:03.634Z', 'ACTIVE', NULL, NULL, NULL, NULL, NULL, NULL);
INSERT INTO "members" ("id", "gym_id", "name", "phone", "emergency_contact", "blood_group", "join_date", "created_at", "updated_at", "status", "frozen_at", "freeze_reason_type", "freeze_custom_reason", "freeze_notes", "frozen_by", "freeze_date") VALUES ('43cb21dc-6b20-4c1b-a90d-fdcbeead507e', '24d69d8c-0cbe-4dcf-acd0-c340802d672c', 'ikkaa', '+91 87679 65675', '', '', '2026-06-12T18:30:00.000Z', '2026-06-13T19:12:11.132Z', '2026-06-13T19:12:11.132Z', 'ACTIVE', NULL, NULL, NULL, NULL, NULL, NULL);
INSERT INTO "members" ("id", "gym_id", "name", "phone", "emergency_contact", "blood_group", "join_date", "created_at", "updated_at", "status", "frozen_at", "freeze_reason_type", "freeze_custom_reason", "freeze_notes", "frozen_by", "freeze_date") VALUES ('6c185d14-aad7-4ff1-af87-9c5062a3d4fb', '24d69d8c-0cbe-4dcf-acd0-c340802d672c', 'zaid', '+91 67545 45645', '', '', '2026-06-12T18:30:00.000Z', '2026-06-13T19:12:19.412Z', '2026-06-13T19:12:19.412Z', 'ACTIVE', NULL, NULL, NULL, NULL, NULL, NULL);
INSERT INTO "members" ("id", "gym_id", "name", "phone", "emergency_contact", "blood_group", "join_date", "created_at", "updated_at", "status", "frozen_at", "freeze_reason_type", "freeze_custom_reason", "freeze_notes", "frozen_by", "freeze_date") VALUES ('f59a7254-f067-45bb-a776-73dee21700ea', '24d69d8c-0cbe-4dcf-acd0-c340802d672c', 'mimi', '+91 76587 55765', '', '', '2026-06-12T18:30:00.000Z', '2026-06-13T19:12:25.206Z', '2026-06-13T19:12:25.206Z', 'ACTIVE', NULL, NULL, NULL, NULL, NULL, NULL);
INSERT INTO "members" ("id", "gym_id", "name", "phone", "emergency_contact", "blood_group", "join_date", "created_at", "updated_at", "status", "frozen_at", "freeze_reason_type", "freeze_custom_reason", "freeze_notes", "frozen_by", "freeze_date") VALUES ('3578036e-e884-4350-9166-fe0724b1c697', '24d69d8c-0cbe-4dcf-acd0-c340802d672c', 'ashu', '+91 43543 54656', '', '', '2026-06-12T18:30:00.000Z', '2026-06-13T19:12:39.967Z', '2026-06-13T19:12:39.967Z', 'ACTIVE', NULL, NULL, NULL, NULL, NULL, NULL);
INSERT INTO "members" ("id", "gym_id", "name", "phone", "emergency_contact", "blood_group", "join_date", "created_at", "updated_at", "status", "frozen_at", "freeze_reason_type", "freeze_custom_reason", "freeze_notes", "frozen_by", "freeze_date") VALUES ('e03988bd-35df-49f9-b441-a9e5a6bfb5a7', '24d69d8c-0cbe-4dcf-acd0-c340802d672c', 'fairya', '+91 56756 75858', '', '', '2026-06-12T18:30:00.000Z', '2026-06-13T19:13:07.955Z', '2026-06-13T19:13:07.955Z', 'ACTIVE', NULL, NULL, NULL, NULL, NULL, NULL);
INSERT INTO "members" ("id", "gym_id", "name", "phone", "emergency_contact", "blood_group", "join_date", "created_at", "updated_at", "status", "frozen_at", "freeze_reason_type", "freeze_custom_reason", "freeze_notes", "frozen_by", "freeze_date") VALUES ('98f2e078-4c94-438b-ad7e-46878ce16e1b', '24d69d8c-0cbe-4dcf-acd0-c340802d672c', 'himi', '+91 68568 56758', '', '', '2026-06-12T18:30:00.000Z', '2026-06-13T19:13:21.294Z', '2026-06-13T19:13:21.294Z', 'ACTIVE', NULL, NULL, NULL, NULL, NULL, NULL);
INSERT INTO "members" ("id", "gym_id", "name", "phone", "emergency_contact", "blood_group", "join_date", "created_at", "updated_at", "status", "frozen_at", "freeze_reason_type", "freeze_custom_reason", "freeze_notes", "frozen_by", "freeze_date") VALUES ('526eec98-cbb6-4027-ada1-1db587f817be', '24d69d8c-0cbe-4dcf-acd0-c340802d672c', 'rahim', '+91 56545 63453', '', '', '2026-06-12T18:30:00.000Z', '2026-06-13T19:14:58.545Z', '2026-06-13T19:14:58.545Z', 'ACTIVE', NULL, NULL, NULL, NULL, NULL, NULL);
INSERT INTO "members" ("id", "gym_id", "name", "phone", "emergency_contact", "blood_group", "join_date", "created_at", "updated_at", "status", "frozen_at", "freeze_reason_type", "freeze_custom_reason", "freeze_notes", "frozen_by", "freeze_date") VALUES ('6276034b-cdda-4b3a-b59b-8232eac1f9ed', '24d69d8c-0cbe-4dcf-acd0-c340802d672c', 'razi', '+91 59087 65436', '', '', '2026-06-12T18:30:00.000Z', '2026-06-13T19:16:12.356Z', '2026-06-13T19:16:12.356Z', 'ACTIVE', NULL, NULL, NULL, NULL, NULL, NULL);
INSERT INTO "members" ("id", "gym_id", "name", "phone", "emergency_contact", "blood_group", "join_date", "created_at", "updated_at", "status", "frozen_at", "freeze_reason_type", "freeze_custom_reason", "freeze_notes", "frozen_by", "freeze_date") VALUES ('4f2db45e-8468-4e7d-832c-724f2467a631', '24d69d8c-0cbe-4dcf-acd0-c340802d672c', 'huda', '+91 53456 75478', '', '', '2026-06-12T18:30:00.000Z', '2026-06-13T19:16:21.826Z', '2026-06-13T19:16:21.826Z', 'ACTIVE', NULL, NULL, NULL, NULL, NULL, NULL);
INSERT INTO "members" ("id", "gym_id", "name", "phone", "emergency_contact", "blood_group", "join_date", "created_at", "updated_at", "status", "frozen_at", "freeze_reason_type", "freeze_custom_reason", "freeze_notes", "frozen_by", "freeze_date") VALUES ('f0205326-c47b-4a3f-8675-d45d094f4dfa', '24d69d8c-0cbe-4dcf-acd0-c340802d672c', 'gawa', '+91 23456 78987', '', '', '2026-06-12T18:30:00.000Z', '2026-06-13T19:17:37.354Z', '2026-06-13T19:17:37.354Z', 'ACTIVE', NULL, NULL, NULL, NULL, NULL, NULL);
INSERT INTO "members" ("id", "gym_id", "name", "phone", "emergency_contact", "blood_group", "join_date", "created_at", "updated_at", "status", "frozen_at", "freeze_reason_type", "freeze_custom_reason", "freeze_notes", "frozen_by", "freeze_date") VALUES ('d1ac0478-e2d6-4ec9-8fa6-14eccdcead54', '24d69d8c-0cbe-4dcf-acd0-c340802d672c', 'farhan', '+91 76543 24567', '', '', '2026-06-12T18:30:00.000Z', '2026-06-13T19:18:38.270Z', '2026-06-13T19:18:38.270Z', 'ACTIVE', NULL, NULL, NULL, NULL, NULL, NULL);
INSERT INTO "members" ("id", "gym_id", "name", "phone", "emergency_contact", "blood_group", "join_date", "created_at", "updated_at", "status", "frozen_at", "freeze_reason_type", "freeze_custom_reason", "freeze_notes", "frozen_by", "freeze_date") VALUES ('4a5647c7-3560-420e-b29d-b89b90c59fb9', '24d69d8c-0cbe-4dcf-acd0-c340802d672c', 'hamdan', '+91 34567 89876', '', '', '2026-06-12T18:30:00.000Z', '2026-06-13T19:19:10.775Z', '2026-06-13T19:19:10.775Z', 'ACTIVE', NULL, NULL, NULL, NULL, NULL, NULL);
INSERT INTO "members" ("id", "gym_id", "name", "phone", "emergency_contact", "blood_group", "join_date", "created_at", "updated_at", "status", "frozen_at", "freeze_reason_type", "freeze_custom_reason", "freeze_notes", "frozen_by", "freeze_date") VALUES ('a2910731-0ff7-464a-8847-efc45e627395', '24d69d8c-0cbe-4dcf-acd0-c340802d672c', 'shawaz', '+91 65434 56789', '', '', '2026-06-12T18:30:00.000Z', '2026-06-13T19:19:20.654Z', '2026-06-13T19:19:20.654Z', 'ACTIVE', NULL, NULL, NULL, NULL, NULL, NULL);
INSERT INTO "members" ("id", "gym_id", "name", "phone", "emergency_contact", "blood_group", "join_date", "created_at", "updated_at", "status", "frozen_at", "freeze_reason_type", "freeze_custom_reason", "freeze_notes", "frozen_by", "freeze_date") VALUES ('f43450db-3c47-4a81-85db-35bc5293c1bb', '24d69d8c-0cbe-4dcf-acd0-c340802d672c', 'ayan', '+91 98765 43234', '', '', '2026-06-12T18:30:00.000Z', '2026-06-13T19:19:51.303Z', '2026-06-13T19:19:51.303Z', 'ACTIVE', NULL, NULL, NULL, NULL, NULL, NULL);
INSERT INTO "members" ("id", "gym_id", "name", "phone", "emergency_contact", "blood_group", "join_date", "created_at", "updated_at", "status", "frozen_at", "freeze_reason_type", "freeze_custom_reason", "freeze_notes", "frozen_by", "freeze_date") VALUES ('64a7ce21-f552-43ce-9fa0-2d50c350b3e4', '24d69d8c-0cbe-4dcf-acd0-c340802d672c', 'kaala', '+91 23456 76543', '', '', '2026-06-12T18:30:00.000Z', '2026-06-13T19:19:58.284Z', '2026-06-13T19:19:58.284Z', 'ACTIVE', NULL, NULL, NULL, NULL, NULL, NULL);
INSERT INTO "members" ("id", "gym_id", "name", "phone", "emergency_contact", "blood_group", "join_date", "created_at", "updated_at", "status", "frozen_at", "freeze_reason_type", "freeze_custom_reason", "freeze_notes", "frozen_by", "freeze_date") VALUES ('4e21ce79-ef0e-44f3-8dcf-54fdc56b1d38', '24d69d8c-0cbe-4dcf-acd0-c340802d672c', 'fiza', '+91 87654 34567', '', '', '2026-06-12T18:30:00.000Z', '2026-06-13T19:20:10.201Z', '2026-06-13T19:20:10.201Z', 'ACTIVE', NULL, NULL, NULL, NULL, NULL, NULL);

-- 110 rows exported from members

-- ============================================================
-- Table: payments
-- ============================================================
DELETE FROM "payments"; -- clear before restore

INSERT INTO "payments" ("id", "gym_id", "member_id", "plan_id", "amount", "payment_mode", "payment_date", "valid_from", "valid_until", "created_at", "original_price", "pricing_type", "custom_duration_days", "discount_reason", "admin_id", "payment_status", "transaction_reference", "paid_at", "activated_at") VALUES ('6337271c-2582-4bbb-b7ae-2799d4a50f35', '3341f8da-3354-496d-bda6-59961ccc6915', 'a2c9a831-c4aa-4a2d-acf3-2f0abe4bb702', '0a299f46-8ed1-4b5e-abff-7dfda53f7164', '1500.00', 'UPI', '2026-05-15T11:34:50.948Z', '2026-04-30T18:30:00.000Z', '2026-05-31T18:30:00.000Z', '2026-05-15T11:34:50.948Z', NULL, 'STANDARD', NULL, NULL, NULL, 'PAID', NULL, '2026-05-15T11:34:50.948Z', '2026-05-15T11:34:50.948Z');
INSERT INTO "payments" ("id", "gym_id", "member_id", "plan_id", "amount", "payment_mode", "payment_date", "valid_from", "valid_until", "created_at", "original_price", "pricing_type", "custom_duration_days", "discount_reason", "admin_id", "payment_status", "transaction_reference", "paid_at", "activated_at") VALUES ('acc46627-d7ef-46e3-ac90-ff80a2e8b836', '3341f8da-3354-496d-bda6-59961ccc6915', '1c064c5c-239a-40d6-b4bb-1f8c33597798', '0a299f46-8ed1-4b5e-abff-7dfda53f7164', '1500.00', 'CASH', '2026-05-15T11:34:51.113Z', '2026-05-04T18:30:00.000Z', '2026-06-05T18:30:00.000Z', '2026-05-15T11:34:51.113Z', NULL, 'STANDARD', NULL, NULL, NULL, 'PAID', NULL, '2026-05-15T11:34:51.113Z', '2026-05-15T11:34:51.113Z');
INSERT INTO "payments" ("id", "gym_id", "member_id", "plan_id", "amount", "payment_mode", "payment_date", "valid_from", "valid_until", "created_at", "original_price", "pricing_type", "custom_duration_days", "discount_reason", "admin_id", "payment_status", "transaction_reference", "paid_at", "activated_at") VALUES ('b0c565bb-0a85-414f-a85b-dfa26d756910', '3341f8da-3354-496d-bda6-59961ccc6915', '66636e45-bdce-4bcf-986a-f19467ff9345', '1c1c80f6-b8eb-415d-a617-3d5261055d16', '12000.00', 'UPI', '2026-05-21T11:41:04.262Z', '2026-05-20T18:30:00.000Z', '2027-05-21T18:30:00.000Z', '2026-05-21T11:41:04.262Z', '12000.00', 'STANDARD', NULL, NULL, 'b2e5f87a-07ad-4fbe-b613-46556a8b5cc9', 'PAID', NULL, '2026-05-21T11:41:04.262Z', '2026-05-21T11:41:04.262Z');
INSERT INTO "payments" ("id", "gym_id", "member_id", "plan_id", "amount", "payment_mode", "payment_date", "valid_from", "valid_until", "created_at", "original_price", "pricing_type", "custom_duration_days", "discount_reason", "admin_id", "payment_status", "transaction_reference", "paid_at", "activated_at") VALUES ('2516f772-4693-4eb7-b26b-b97d5f6a765a', '3341f8da-3354-496d-bda6-59961ccc6915', '66636e45-bdce-4bcf-986a-f19467ff9345', '419d7227-66c6-46d4-9aa1-bd4972958c3a', '1500.00', 'UPI', '2026-05-22T07:46:27.571Z', '2026-05-21T18:30:00.000Z', '2026-06-20T18:30:00.000Z', '2026-05-22T07:46:27.571Z', '1500.00', 'STANDARD', NULL, NULL, 'b2e5f87a-07ad-4fbe-b613-46556a8b5cc9', 'PAID', NULL, '2026-05-22T07:46:27.571Z', '2026-05-22T07:46:27.571Z');
INSERT INTO "payments" ("id", "gym_id", "member_id", "plan_id", "amount", "payment_mode", "payment_date", "valid_from", "valid_until", "created_at", "original_price", "pricing_type", "custom_duration_days", "discount_reason", "admin_id", "payment_status", "transaction_reference", "paid_at", "activated_at") VALUES ('9acde835-9dfc-4485-a9ca-2b22df85b5df', '3341f8da-3354-496d-bda6-59961ccc6915', '6be1d227-154c-4ea7-8529-546694fce231', '419d7227-66c6-46d4-9aa1-bd4972958c3a', '1500.00', 'UPI', '2026-05-22T12:26:43.269Z', '2026-04-20T18:30:00.000Z', '2026-05-20T18:30:00.000Z', '2026-05-22T12:26:43.269Z', '1500.00', 'STANDARD', NULL, NULL, 'b2e5f87a-07ad-4fbe-b613-46556a8b5cc9', 'PAID', NULL, '2026-05-22T12:26:43.269Z', '2026-05-22T12:26:43.269Z');
INSERT INTO "payments" ("id", "gym_id", "member_id", "plan_id", "amount", "payment_mode", "payment_date", "valid_from", "valid_until", "created_at", "original_price", "pricing_type", "custom_duration_days", "discount_reason", "admin_id", "payment_status", "transaction_reference", "paid_at", "activated_at") VALUES ('8f478856-6a64-4eaa-a53f-01fd50f55dec', '3341f8da-3354-496d-bda6-59961ccc6915', '6be1d227-154c-4ea7-8529-546694fce231', '419d7227-66c6-46d4-9aa1-bd4972958c3a', '1500.00', 'UPI', '2026-05-26T05:40:26.039Z', '2026-05-25T18:30:00.000Z', '2026-06-24T18:30:00.000Z', '2026-05-26T05:40:26.039Z', '1500.00', 'STANDARD', NULL, NULL, 'b2e5f87a-07ad-4fbe-b613-46556a8b5cc9', 'PAID', NULL, '2026-05-26T05:40:26.039Z', '2026-05-26T05:40:26.039Z');
INSERT INTO "payments" ("id", "gym_id", "member_id", "plan_id", "amount", "payment_mode", "payment_date", "valid_from", "valid_until", "created_at", "original_price", "pricing_type", "custom_duration_days", "discount_reason", "admin_id", "payment_status", "transaction_reference", "paid_at", "activated_at") VALUES ('bcbb5e57-0bb0-40e0-805c-5018bebb4803', '3341f8da-3354-496d-bda6-59961ccc6915', '6be1d227-154c-4ea7-8529-546694fce231', '419d7227-66c6-46d4-9aa1-bd4972958c3a', '1500.00', 'BANK_TRANSFER', '2026-05-26T06:06:37.527Z', '2026-05-25T18:30:00.000Z', '2026-06-24T18:30:00.000Z', '2026-05-26T06:06:37.527Z', '1500.00', 'STANDARD', NULL, NULL, 'b2e5f87a-07ad-4fbe-b613-46556a8b5cc9', 'PAID', NULL, '2026-05-26T06:06:37.527Z', '2026-05-26T06:06:37.527Z');
INSERT INTO "payments" ("id", "gym_id", "member_id", "plan_id", "amount", "payment_mode", "payment_date", "valid_from", "valid_until", "created_at", "original_price", "pricing_type", "custom_duration_days", "discount_reason", "admin_id", "payment_status", "transaction_reference", "paid_at", "activated_at") VALUES ('28f6d620-cd2a-4a63-aec2-4a4400b1adbd', '3341f8da-3354-496d-bda6-59961ccc6915', '1c064c5c-239a-40d6-b4bb-1f8c33597798', '419d7227-66c6-46d4-9aa1-bd4972958c3a', '1500.00', 'CASH', '2026-05-26T06:08:19.126Z', '2026-05-25T18:30:00.000Z', '2026-06-24T18:30:00.000Z', '2026-05-26T06:08:19.126Z', '1500.00', 'STANDARD', NULL, NULL, 'b2e5f87a-07ad-4fbe-b613-46556a8b5cc9', 'PAID', NULL, '2026-05-26T06:08:19.126Z', '2026-05-26T06:08:19.126Z');
INSERT INTO "payments" ("id", "gym_id", "member_id", "plan_id", "amount", "payment_mode", "payment_date", "valid_from", "valid_until", "created_at", "original_price", "pricing_type", "custom_duration_days", "discount_reason", "admin_id", "payment_status", "transaction_reference", "paid_at", "activated_at") VALUES ('ec73a089-9875-44da-afa6-dfa4446a8ca8', '3341f8da-3354-496d-bda6-59961ccc6915', '1c064c5c-239a-40d6-b4bb-1f8c33597798', '419d7227-66c6-46d4-9aa1-bd4972958c3a', '1500.00', 'UPI', '2026-05-26T06:08:29.815Z', '2026-05-25T18:30:00.000Z', '2026-06-24T18:30:00.000Z', '2026-05-26T06:08:29.815Z', '1500.00', 'STANDARD', NULL, NULL, 'b2e5f87a-07ad-4fbe-b613-46556a8b5cc9', 'PAID', NULL, '2026-05-26T06:08:29.815Z', '2026-05-26T06:08:29.815Z');
INSERT INTO "payments" ("id", "gym_id", "member_id", "plan_id", "amount", "payment_mode", "payment_date", "valid_from", "valid_until", "created_at", "original_price", "pricing_type", "custom_duration_days", "discount_reason", "admin_id", "payment_status", "transaction_reference", "paid_at", "activated_at") VALUES ('e5267d0b-935f-4f03-94ff-e692be045f00', '3341f8da-3354-496d-bda6-59961ccc6915', '6be1d227-154c-4ea7-8529-546694fce231', '419d7227-66c6-46d4-9aa1-bd4972958c3a', '1500.00', 'UPI', '2026-05-26T06:55:50.596Z', '2026-05-25T18:30:00.000Z', '2026-06-24T18:30:00.000Z', '2026-05-26T06:55:50.596Z', '1500.00', 'STANDARD', NULL, NULL, 'b2e5f87a-07ad-4fbe-b613-46556a8b5cc9', 'PENDING', NULL, NULL, NULL);
INSERT INTO "payments" ("id", "gym_id", "member_id", "plan_id", "amount", "payment_mode", "payment_date", "valid_from", "valid_until", "created_at", "original_price", "pricing_type", "custom_duration_days", "discount_reason", "admin_id", "payment_status", "transaction_reference", "paid_at", "activated_at") VALUES ('7ddd4f55-ff1d-43fb-a870-c5a4e7bc98aa', '3341f8da-3354-496d-bda6-59961ccc6915', '6be1d227-154c-4ea7-8529-546694fce231', '419d7227-66c6-46d4-9aa1-bd4972958c3a', '1500.00', 'UPI', '2026-05-26T07:32:56.974Z', '2026-05-25T18:30:00.000Z', '2026-06-24T18:30:00.000Z', '2026-05-26T07:32:56.974Z', '1500.00', 'STANDARD', NULL, NULL, 'b2e5f87a-07ad-4fbe-b613-46556a8b5cc9', 'PENDING', NULL, NULL, NULL);
INSERT INTO "payments" ("id", "gym_id", "member_id", "plan_id", "amount", "payment_mode", "payment_date", "valid_from", "valid_until", "created_at", "original_price", "pricing_type", "custom_duration_days", "discount_reason", "admin_id", "payment_status", "transaction_reference", "paid_at", "activated_at") VALUES ('937acb54-a422-4776-bc4f-2be95f48dfae', '3341f8da-3354-496d-bda6-59961ccc6915', '6be1d227-154c-4ea7-8529-546694fce231', '419d7227-66c6-46d4-9aa1-bd4972958c3a', '1500.00', 'UPI', '2026-05-26T09:37:23.506Z', '2026-05-25T18:30:00.000Z', '2026-06-24T18:30:00.000Z', '2026-05-26T09:37:23.506Z', '1500.00', 'STANDARD', NULL, NULL, 'b2e5f87a-07ad-4fbe-b613-46556a8b5cc9', 'PENDING', NULL, NULL, NULL);
INSERT INTO "payments" ("id", "gym_id", "member_id", "plan_id", "amount", "payment_mode", "payment_date", "valid_from", "valid_until", "created_at", "original_price", "pricing_type", "custom_duration_days", "discount_reason", "admin_id", "payment_status", "transaction_reference", "paid_at", "activated_at") VALUES ('3a2098cb-9bd1-4346-827c-6544752a45d0', '3341f8da-3354-496d-bda6-59961ccc6915', '1c064c5c-239a-40d6-b4bb-1f8c33597798', '419d7227-66c6-46d4-9aa1-bd4972958c3a', '1500.00', 'UPI', '2026-05-26T09:41:27.009Z', '2026-05-25T18:30:00.000Z', '2026-06-24T18:30:00.000Z', '2026-05-26T09:41:27.009Z', '1500.00', 'STANDARD', NULL, NULL, 'b2e5f87a-07ad-4fbe-b613-46556a8b5cc9', 'PAID', NULL, '2026-05-26T09:41:30.608Z', '2026-05-26T09:41:30.608Z');
INSERT INTO "payments" ("id", "gym_id", "member_id", "plan_id", "amount", "payment_mode", "payment_date", "valid_from", "valid_until", "created_at", "original_price", "pricing_type", "custom_duration_days", "discount_reason", "admin_id", "payment_status", "transaction_reference", "paid_at", "activated_at") VALUES ('9190ab07-5b1b-4077-8d52-ba954f644e10', '3341f8da-3354-496d-bda6-59961ccc6915', '1c064c5c-239a-40d6-b4bb-1f8c33597798', '419d7227-66c6-46d4-9aa1-bd4972958c3a', '1500.00', 'UPI', '2026-05-26T09:41:44.327Z', '2026-05-25T18:30:00.000Z', '2026-06-24T18:30:00.000Z', '2026-05-26T09:41:44.327Z', '1500.00', 'STANDARD', NULL, NULL, 'b2e5f87a-07ad-4fbe-b613-46556a8b5cc9', 'PAID', NULL, '2026-05-26T09:41:48.349Z', '2026-05-26T09:41:48.349Z');
INSERT INTO "payments" ("id", "gym_id", "member_id", "plan_id", "amount", "payment_mode", "payment_date", "valid_from", "valid_until", "created_at", "original_price", "pricing_type", "custom_duration_days", "discount_reason", "admin_id", "payment_status", "transaction_reference", "paid_at", "activated_at") VALUES ('1dc7948d-7dd3-417d-868e-b7ebad347137', '3341f8da-3354-496d-bda6-59961ccc6915', '66636e45-bdce-4bcf-986a-f19467ff9345', '419d7227-66c6-46d4-9aa1-bd4972958c3a', '1500.00', 'UPI', '2026-05-26T09:42:58.229Z', '2026-05-25T18:30:00.000Z', '2026-06-24T18:30:00.000Z', '2026-05-26T09:42:58.229Z', '1500.00', 'STANDARD', NULL, NULL, 'b2e5f87a-07ad-4fbe-b613-46556a8b5cc9', 'PAID', NULL, '2026-05-26T09:43:03.327Z', '2026-05-26T09:43:03.327Z');
INSERT INTO "payments" ("id", "gym_id", "member_id", "plan_id", "amount", "payment_mode", "payment_date", "valid_from", "valid_until", "created_at", "original_price", "pricing_type", "custom_duration_days", "discount_reason", "admin_id", "payment_status", "transaction_reference", "paid_at", "activated_at") VALUES ('27c8d2a6-7ca6-4355-bacf-4985a08bdca2', '3341f8da-3354-496d-bda6-59961ccc6915', '6be1d227-154c-4ea7-8529-546694fce231', 'cb97204b-a49a-488e-b4c2-8bb83d854c3d', '5000.00', 'CASH', '2026-05-26T10:15:49.295Z', '2026-05-25T18:30:00.000Z', '2026-06-09T18:30:00.000Z', '2026-05-26T10:15:49.295Z', '5000.00', 'STANDARD', NULL, NULL, 'b2e5f87a-07ad-4fbe-b613-46556a8b5cc9', 'PAID', NULL, '2026-05-26T10:15:52.358Z', '2026-05-26T10:15:52.358Z');
INSERT INTO "payments" ("id", "gym_id", "member_id", "plan_id", "amount", "payment_mode", "payment_date", "valid_from", "valid_until", "created_at", "original_price", "pricing_type", "custom_duration_days", "discount_reason", "admin_id", "payment_status", "transaction_reference", "paid_at", "activated_at") VALUES ('f6cbcb0c-6256-4a63-b37b-e841a3cee32f', '3341f8da-3354-496d-bda6-59961ccc6915', '6be1d227-154c-4ea7-8529-546694fce231', 'cb97204b-a49a-488e-b4c2-8bb83d854c3d', '5000.00', 'UPI', '2026-05-26T10:21:14.533Z', '2026-05-25T18:30:00.000Z', '2026-06-09T18:30:00.000Z', '2026-05-26T10:21:14.533Z', '5000.00', 'STANDARD', NULL, NULL, 'b2e5f87a-07ad-4fbe-b613-46556a8b5cc9', 'PAID', NULL, '2026-05-26T10:21:19.913Z', '2026-05-26T10:21:19.913Z');
INSERT INTO "payments" ("id", "gym_id", "member_id", "plan_id", "amount", "payment_mode", "payment_date", "valid_from", "valid_until", "created_at", "original_price", "pricing_type", "custom_duration_days", "discount_reason", "admin_id", "payment_status", "transaction_reference", "paid_at", "activated_at") VALUES ('af4bc480-504b-4710-8a6b-1126b218feee', '3341f8da-3354-496d-bda6-59961ccc6915', '66636e45-bdce-4bcf-986a-f19467ff9345', 'cb97204b-a49a-488e-b4c2-8bb83d854c3d', '5000.00', 'UPI', '2026-05-26T11:08:28.113Z', '2026-05-25T18:30:00.000Z', '2026-06-09T18:30:00.000Z', '2026-05-26T11:08:28.113Z', '5000.00', 'STANDARD', NULL, NULL, 'b2e5f87a-07ad-4fbe-b613-46556a8b5cc9', 'PAID', NULL, NULL, NULL);
INSERT INTO "payments" ("id", "gym_id", "member_id", "plan_id", "amount", "payment_mode", "payment_date", "valid_from", "valid_until", "created_at", "original_price", "pricing_type", "custom_duration_days", "discount_reason", "admin_id", "payment_status", "transaction_reference", "paid_at", "activated_at") VALUES ('1b4e18e0-5513-4a7c-8b0f-fa5b893c60c9', '3341f8da-3354-496d-bda6-59961ccc6915', '6be1d227-154c-4ea7-8529-546694fce231', '9b923718-6974-4e92-b941-28c5991c2787', '1500.00', 'UPI', '2026-05-26T11:27:44.660Z', '2026-05-25T18:30:00.000Z', '2026-06-24T18:30:00.000Z', '2026-05-26T11:27:44.660Z', '1500.00', 'STANDARD', NULL, NULL, 'b2e5f87a-07ad-4fbe-b613-46556a8b5cc9', 'PAID', NULL, NULL, NULL);
INSERT INTO "payments" ("id", "gym_id", "member_id", "plan_id", "amount", "payment_mode", "payment_date", "valid_from", "valid_until", "created_at", "original_price", "pricing_type", "custom_duration_days", "discount_reason", "admin_id", "payment_status", "transaction_reference", "paid_at", "activated_at") VALUES ('17ab4074-b6ed-4738-996b-336f7a9ffea1', '3341f8da-3354-496d-bda6-59961ccc6915', '6be1d227-154c-4ea7-8529-546694fce231', '9b923718-6974-4e92-b941-28c5991c2787', '1500.00', 'UPI', '2026-05-27T06:20:07.428Z', '2026-05-26T18:30:00.000Z', '2026-06-25T18:30:00.000Z', '2026-05-27T06:20:07.428Z', '1500.00', 'STANDARD', NULL, NULL, 'b2e5f87a-07ad-4fbe-b613-46556a8b5cc9', 'PAID', NULL, NULL, NULL);
INSERT INTO "payments" ("id", "gym_id", "member_id", "plan_id", "amount", "payment_mode", "payment_date", "valid_from", "valid_until", "created_at", "original_price", "pricing_type", "custom_duration_days", "discount_reason", "admin_id", "payment_status", "transaction_reference", "paid_at", "activated_at") VALUES ('1259294c-175d-4d0a-9326-d32c9c60efb2', '3341f8da-3354-496d-bda6-59961ccc6915', 'a2c9a831-c4aa-4a2d-acf3-2f0abe4bb702', '9b923718-6974-4e92-b941-28c5991c2787', '1500.00', 'CASH', '2026-05-30T05:09:01.453Z', '2026-05-29T18:30:00.000Z', '2026-06-28T18:30:00.000Z', '2026-05-30T05:09:01.453Z', '1500.00', 'STANDARD', NULL, NULL, 'b2e5f87a-07ad-4fbe-b613-46556a8b5cc9', 'PENDING', NULL, NULL, NULL);
INSERT INTO "payments" ("id", "gym_id", "member_id", "plan_id", "amount", "payment_mode", "payment_date", "valid_from", "valid_until", "created_at", "original_price", "pricing_type", "custom_duration_days", "discount_reason", "admin_id", "payment_status", "transaction_reference", "paid_at", "activated_at") VALUES ('bcc84151-9ed8-47be-b9c1-ebdb11ba3544', '3341f8da-3354-496d-bda6-59961ccc6915', 'a2c9a831-c4aa-4a2d-acf3-2f0abe4bb702', '9b923718-6974-4e92-b941-28c5991c2787', '1500.00', 'CASH', '2026-05-30T05:09:10.901Z', '2026-05-29T18:30:00.000Z', '2026-06-28T18:30:00.000Z', '2026-05-30T05:09:10.901Z', '1500.00', 'STANDARD', NULL, NULL, 'b2e5f87a-07ad-4fbe-b613-46556a8b5cc9', 'PAID', NULL, '2026-05-30T05:09:34.732Z', '2026-05-30T05:09:34.732Z');
INSERT INTO "payments" ("id", "gym_id", "member_id", "plan_id", "amount", "payment_mode", "payment_date", "valid_from", "valid_until", "created_at", "original_price", "pricing_type", "custom_duration_days", "discount_reason", "admin_id", "payment_status", "transaction_reference", "paid_at", "activated_at") VALUES ('53374df5-c642-4671-9cd8-d267f684e401', '3341f8da-3354-496d-bda6-59961ccc6915', '6be1d227-154c-4ea7-8529-546694fce231', 'cb97204b-a49a-488e-b4c2-8bb83d854c3d', '4000.00', 'CASH', '2026-05-30T05:09:56.358Z', '2026-05-29T18:30:00.000Z', '2026-08-27T18:30:00.000Z', '2026-05-30T05:09:56.358Z', '4000.00', 'STANDARD', NULL, NULL, 'b2e5f87a-07ad-4fbe-b613-46556a8b5cc9', 'PENDING', NULL, NULL, NULL);
INSERT INTO "payments" ("id", "gym_id", "member_id", "plan_id", "amount", "payment_mode", "payment_date", "valid_from", "valid_until", "created_at", "original_price", "pricing_type", "custom_duration_days", "discount_reason", "admin_id", "payment_status", "transaction_reference", "paid_at", "activated_at") VALUES ('7987289b-159e-4e1d-9c81-fa4aee71e4be', '9b026bfd-7cd8-4b68-9f6e-ab2a7b8f9972', 'ad340dc3-400b-4f4b-a70d-0bafa23df462', '6e8d9284-aad5-4b85-bf41-3106e3bf559c', '1500.00', 'CASH', '2026-06-01T10:30:06.851Z', '2026-05-31T18:30:00.000Z', '2026-06-30T18:30:00.000Z', '2026-06-01T10:30:06.851Z', '1500.00', 'STANDARD', NULL, NULL, 'b42861cf-c783-4ad9-ad33-923325d6fde2', 'PENDING', NULL, NULL, NULL);
INSERT INTO "payments" ("id", "gym_id", "member_id", "plan_id", "amount", "payment_mode", "payment_date", "valid_from", "valid_until", "created_at", "original_price", "pricing_type", "custom_duration_days", "discount_reason", "admin_id", "payment_status", "transaction_reference", "paid_at", "activated_at") VALUES ('6ade5b92-21d1-490c-a025-21ab16b69add', '4ade984d-0722-435b-bd95-f067baac64a4', 'e4972bf9-093c-4dfb-a8fc-f5561273c0fa', '9a8912e7-434b-478d-9b47-10480f6686fe', '1500.00', 'CASH', '2026-06-01T10:31:19.829Z', '2026-05-31T18:30:00.000Z', '2026-06-30T18:30:00.000Z', '2026-06-01T10:31:19.829Z', '1500.00', 'STANDARD', NULL, NULL, 'a34d7759-befb-470e-88ca-bcb1127a9678', 'PENDING', NULL, NULL, NULL);
INSERT INTO "payments" ("id", "gym_id", "member_id", "plan_id", "amount", "payment_mode", "payment_date", "valid_from", "valid_until", "created_at", "original_price", "pricing_type", "custom_duration_days", "discount_reason", "admin_id", "payment_status", "transaction_reference", "paid_at", "activated_at") VALUES ('987d0de3-0241-4086-b13a-03a618d05656', '37489ee9-9869-4d79-ad5a-96a8babdd160', '9d801f21-5743-42e8-a6ba-16cef1bab7b4', '3958ce12-d8a0-49cc-8ba7-144a2a9124c1', '1500.00', 'CASH', '2026-06-01T10:31:48.593Z', '2026-05-31T18:30:00.000Z', '2026-06-30T18:30:00.000Z', '2026-06-01T10:31:48.593Z', '1500.00', 'STANDARD', NULL, NULL, '6df7ae61-b631-49dd-83f2-0481dcd0fbc5', 'PAID', NULL, '2026-06-01T10:31:46.086Z', '2026-06-01T10:31:46.086Z');
INSERT INTO "payments" ("id", "gym_id", "member_id", "plan_id", "amount", "payment_mode", "payment_date", "valid_from", "valid_until", "created_at", "original_price", "pricing_type", "custom_duration_days", "discount_reason", "admin_id", "payment_status", "transaction_reference", "paid_at", "activated_at") VALUES ('bfc43daa-291b-41ea-b2fd-ffd08ad286b3', '3341f8da-3354-496d-bda6-59961ccc6915', '66636e45-bdce-4bcf-986a-f19467ff9345', '9b923718-6974-4e92-b941-28c5991c2787', '1500.00', 'CASH', '2026-06-02T06:14:54.426Z', '2026-06-01T18:30:00.000Z', '2026-07-01T18:30:00.000Z', '2026-06-02T06:14:54.426Z', '1500.00', 'STANDARD', NULL, NULL, 'b2e5f87a-07ad-4fbe-b613-46556a8b5cc9', 'PENDING', NULL, NULL, NULL);
INSERT INTO "payments" ("id", "gym_id", "member_id", "plan_id", "amount", "payment_mode", "payment_date", "valid_from", "valid_until", "created_at", "original_price", "pricing_type", "custom_duration_days", "discount_reason", "admin_id", "payment_status", "transaction_reference", "paid_at", "activated_at") VALUES ('108c67bd-8757-429d-bd76-deffd0d0d9b9', '3341f8da-3354-496d-bda6-59961ccc6915', 'a50dea40-5c32-487b-a3c2-618ffa69d7ee', '9b923718-6974-4e92-b941-28c5991c2787', '1500.00', 'CASH', '2026-06-10T09:55:52.934Z', '2026-04-06T18:30:00.000Z', '2026-05-06T18:30:00.000Z', '2026-06-10T09:55:52.934Z', '1500.00', 'STANDARD', NULL, NULL, 'b2e5f87a-07ad-4fbe-b613-46556a8b5cc9', 'PAID', NULL, '2026-06-10T09:55:56.478Z', '2026-06-10T09:55:56.478Z');
INSERT INTO "payments" ("id", "gym_id", "member_id", "plan_id", "amount", "payment_mode", "payment_date", "valid_from", "valid_until", "created_at", "original_price", "pricing_type", "custom_duration_days", "discount_reason", "admin_id", "payment_status", "transaction_reference", "paid_at", "activated_at") VALUES ('20263d88-c9bc-4b00-8831-db3271a20f01', '3341f8da-3354-496d-bda6-59961ccc6915', 'a50dea40-5c32-487b-a3c2-618ffa69d7ee', '9b923718-6974-4e92-b941-28c5991c2787', '1500.00', 'UPI', '2026-06-10T09:56:34.866Z', '2026-04-06T18:30:00.000Z', '2026-05-06T18:30:00.000Z', '2026-06-10T09:56:34.866Z', '1500.00', 'STANDARD', NULL, NULL, 'b2e5f87a-07ad-4fbe-b613-46556a8b5cc9', 'PAID', NULL, '2026-06-10T09:56:39.430Z', '2026-06-10T09:56:39.430Z');
INSERT INTO "payments" ("id", "gym_id", "member_id", "plan_id", "amount", "payment_mode", "payment_date", "valid_from", "valid_until", "created_at", "original_price", "pricing_type", "custom_duration_days", "discount_reason", "admin_id", "payment_status", "transaction_reference", "paid_at", "activated_at") VALUES ('d855e601-6a68-49a8-b4bf-a756531bcd7f', '3341f8da-3354-496d-bda6-59961ccc6915', '66636e45-bdce-4bcf-986a-f19467ff9345', '9b923718-6974-4e92-b941-28c5991c2787', '1500.00', 'CASH', '2026-06-10T10:22:25.828Z', '2026-06-09T18:30:00.000Z', '2026-07-09T18:30:00.000Z', '2026-06-10T10:22:25.828Z', '1500.00', 'STANDARD', NULL, NULL, 'b2e5f87a-07ad-4fbe-b613-46556a8b5cc9', 'PAID', NULL, '2026-06-10T10:22:30.211Z', '2026-06-10T10:22:30.211Z');
INSERT INTO "payments" ("id", "gym_id", "member_id", "plan_id", "amount", "payment_mode", "payment_date", "valid_from", "valid_until", "created_at", "original_price", "pricing_type", "custom_duration_days", "discount_reason", "admin_id", "payment_status", "transaction_reference", "paid_at", "activated_at") VALUES ('734bb4f9-5930-4f2d-ae84-bf820a3524fb', '24d69d8c-0cbe-4dcf-acd0-c340802d672c', '630bc336-7ea7-4d3a-88bc-5faeb90f8b46', '9deef894-b699-4787-9e7c-167274699099', '1500.00', 'CASH', '2026-06-13T18:34:46.725Z', '2026-06-12T18:30:00.000Z', '2026-07-12T18:30:00.000Z', '2026-06-13T18:34:46.725Z', '1500.00', 'STANDARD', NULL, NULL, '11c4c92b-9b91-4d7d-ac16-de042d3c7800', 'PAID', NULL, '2026-06-13T18:35:28.568Z', '2026-06-13T18:35:28.568Z');
INSERT INTO "payments" ("id", "gym_id", "member_id", "plan_id", "amount", "payment_mode", "payment_date", "valid_from", "valid_until", "created_at", "original_price", "pricing_type", "custom_duration_days", "discount_reason", "admin_id", "payment_status", "transaction_reference", "paid_at", "activated_at") VALUES ('44fd2886-c86c-4a24-8996-002cd21f1024', '24d69d8c-0cbe-4dcf-acd0-c340802d672c', '4e21ce79-ef0e-44f3-8dcf-54fdc56b1d38', 'f89e9ed4-eb93-4e85-ac98-b0a1498a47c3', '100.00', 'CASH', '2026-06-13T19:21:38.092Z', '2026-06-12T18:30:00.000Z', '2026-06-13T18:30:00.000Z', '2026-06-13T19:21:38.092Z', '100.00', 'STANDARD', NULL, NULL, '11c4c92b-9b91-4d7d-ac16-de042d3c7800', 'PAID', NULL, '2026-06-13T19:21:40.309Z', '2026-06-13T19:21:40.309Z');
INSERT INTO "payments" ("id", "gym_id", "member_id", "plan_id", "amount", "payment_mode", "payment_date", "valid_from", "valid_until", "created_at", "original_price", "pricing_type", "custom_duration_days", "discount_reason", "admin_id", "payment_status", "transaction_reference", "paid_at", "activated_at") VALUES ('1a0d263f-4381-42c8-b8f7-9032890c0842', '24d69d8c-0cbe-4dcf-acd0-c340802d672c', '64a7ce21-f552-43ce-9fa0-2d50c350b3e4', 'f89e9ed4-eb93-4e85-ac98-b0a1498a47c3', '100.00', 'CASH', '2026-06-13T19:22:07.237Z', '2026-06-12T18:30:00.000Z', '2026-06-13T18:30:00.000Z', '2026-06-13T19:22:07.237Z', '100.00', 'STANDARD', NULL, NULL, '11c4c92b-9b91-4d7d-ac16-de042d3c7800', 'PAID', NULL, '2026-06-13T19:22:10.602Z', '2026-06-13T19:22:10.602Z');
INSERT INTO "payments" ("id", "gym_id", "member_id", "plan_id", "amount", "payment_mode", "payment_date", "valid_from", "valid_until", "created_at", "original_price", "pricing_type", "custom_duration_days", "discount_reason", "admin_id", "payment_status", "transaction_reference", "paid_at", "activated_at") VALUES ('b5c6d52e-3255-4f5c-bd40-bcd80e8b6573', '24d69d8c-0cbe-4dcf-acd0-c340802d672c', 'a2910731-0ff7-464a-8847-efc45e627395', 'f89e9ed4-eb93-4e85-ac98-b0a1498a47c3', '100.00', 'CASH', '2026-06-13T19:22:34.542Z', '2026-06-12T18:30:00.000Z', '2026-06-13T18:30:00.000Z', '2026-06-13T19:22:34.542Z', '100.00', 'STANDARD', NULL, NULL, '11c4c92b-9b91-4d7d-ac16-de042d3c7800', 'PAID', NULL, '2026-06-13T19:22:37.891Z', '2026-06-13T19:22:37.891Z');
INSERT INTO "payments" ("id", "gym_id", "member_id", "plan_id", "amount", "payment_mode", "payment_date", "valid_from", "valid_until", "created_at", "original_price", "pricing_type", "custom_duration_days", "discount_reason", "admin_id", "payment_status", "transaction_reference", "paid_at", "activated_at") VALUES ('920261b7-3b37-4d6c-b57f-30e42b172311', '24d69d8c-0cbe-4dcf-acd0-c340802d672c', 'acec270d-c67c-41d3-acf2-d083dccbffae', 'f89e9ed4-eb93-4e85-ac98-b0a1498a47c3', '100.00', 'CASH', '2026-06-13T19:23:07.524Z', '2026-06-10T18:30:00.000Z', '2026-06-11T18:30:00.000Z', '2026-06-13T19:23:07.524Z', '100.00', 'STANDARD', NULL, NULL, '11c4c92b-9b91-4d7d-ac16-de042d3c7800', 'PAID', NULL, '2026-06-13T19:23:11.962Z', '2026-06-13T19:23:11.962Z');
INSERT INTO "payments" ("id", "gym_id", "member_id", "plan_id", "amount", "payment_mode", "payment_date", "valid_from", "valid_until", "created_at", "original_price", "pricing_type", "custom_duration_days", "discount_reason", "admin_id", "payment_status", "transaction_reference", "paid_at", "activated_at") VALUES ('b0081475-0fb4-40bd-be4e-cc090e03f5e4', '24d69d8c-0cbe-4dcf-acd0-c340802d672c', 'acec270d-c67c-41d3-acf2-d083dccbffae', 'f89e9ed4-eb93-4e85-ac98-b0a1498a47c3', '100.00', 'CASH', '2026-06-13T19:26:53.222Z', '2026-06-12T18:30:00.000Z', '2026-06-13T18:30:00.000Z', '2026-06-13T19:26:53.222Z', '100.00', 'STANDARD', NULL, NULL, '11c4c92b-9b91-4d7d-ac16-de042d3c7800', 'PAID', NULL, '2026-06-13T19:26:57.022Z', '2026-06-13T19:26:57.022Z');

-- 36 rows exported from payments

-- ============================================================
-- Table: attendance
-- ============================================================
DELETE FROM "attendance"; -- clear before restore

INSERT INTO "attendance" ("id", "gym_id", "member_id", "check_in_time", "check_out_time", "created_at") VALUES ('09171b03-a24d-4c79-a4db-992c602e7fdf', '3341f8da-3354-496d-bda6-59961ccc6915', '1c064c5c-239a-40d6-b4bb-1f8c33597798', '2026-05-16T06:17:37.365Z', NULL, '2026-05-16T06:17:37.365Z');
INSERT INTO "attendance" ("id", "gym_id", "member_id", "check_in_time", "check_out_time", "created_at") VALUES ('bb7f42d8-9bc5-45dc-8df3-b51dcac8ff35', '3341f8da-3354-496d-bda6-59961ccc6915', '1c064c5c-239a-40d6-b4bb-1f8c33597798', '2026-05-16T06:18:27.807Z', NULL, '2026-05-16T06:18:27.807Z');
INSERT INTO "attendance" ("id", "gym_id", "member_id", "check_in_time", "check_out_time", "created_at") VALUES ('a301b0b4-4199-4166-91e1-4ff7383b3eac', '3341f8da-3354-496d-bda6-59961ccc6915', '1c064c5c-239a-40d6-b4bb-1f8c33597798', '2026-05-16T06:18:33.377Z', NULL, '2026-05-16T06:18:33.377Z');
INSERT INTO "attendance" ("id", "gym_id", "member_id", "check_in_time", "check_out_time", "created_at") VALUES ('28e173bb-f571-44d1-b427-18fde171f888', '3341f8da-3354-496d-bda6-59961ccc6915', 'a2c9a831-c4aa-4a2d-acf3-2f0abe4bb702', '2026-05-16T06:34:06.955Z', NULL, '2026-05-16T06:34:06.955Z');
INSERT INTO "attendance" ("id", "gym_id", "member_id", "check_in_time", "check_out_time", "created_at") VALUES ('6a260938-0455-4136-bbe3-a3c85a24adb9', '3341f8da-3354-496d-bda6-59961ccc6915', 'a2c9a831-c4aa-4a2d-acf3-2f0abe4bb702', '2026-05-16T06:52:23.980Z', NULL, '2026-05-16T06:52:23.980Z');
INSERT INTO "attendance" ("id", "gym_id", "member_id", "check_in_time", "check_out_time", "created_at") VALUES ('d958e59e-cd12-4c1d-85c7-2ea6b1478bb9', '3341f8da-3354-496d-bda6-59961ccc6915', 'a2c9a831-c4aa-4a2d-acf3-2f0abe4bb702', '2026-05-16T06:52:42.834Z', NULL, '2026-05-16T06:52:42.834Z');
INSERT INTO "attendance" ("id", "gym_id", "member_id", "check_in_time", "check_out_time", "created_at") VALUES ('ae7451bf-3031-416b-bf71-bc13cb1e3c6a', '3341f8da-3354-496d-bda6-59961ccc6915', 'a2c9a831-c4aa-4a2d-acf3-2f0abe4bb702', '2026-05-16T06:52:53.786Z', NULL, '2026-05-16T06:52:53.786Z');
INSERT INTO "attendance" ("id", "gym_id", "member_id", "check_in_time", "check_out_time", "created_at") VALUES ('2033c032-d10a-41fb-a8fc-dc33cb6e313e', '3341f8da-3354-496d-bda6-59961ccc6915', '1c064c5c-239a-40d6-b4bb-1f8c33597798', '2026-05-18T12:11:58.520Z', NULL, '2026-05-18T12:11:58.520Z');
INSERT INTO "attendance" ("id", "gym_id", "member_id", "check_in_time", "check_out_time", "created_at") VALUES ('efa34dd2-7635-4460-a19c-79f904febe11', '3341f8da-3354-496d-bda6-59961ccc6915', '1c064c5c-239a-40d6-b4bb-1f8c33597798', '2026-05-18T12:12:43.350Z', NULL, '2026-05-18T12:12:43.350Z');
INSERT INTO "attendance" ("id", "gym_id", "member_id", "check_in_time", "check_out_time", "created_at") VALUES ('b79b5870-3547-4b03-93de-d18d6e8d4faf', '3341f8da-3354-496d-bda6-59961ccc6915', '1c064c5c-239a-40d6-b4bb-1f8c33597798', '2026-05-18T12:13:34.591Z', NULL, '2026-05-18T12:13:34.591Z');
INSERT INTO "attendance" ("id", "gym_id", "member_id", "check_in_time", "check_out_time", "created_at") VALUES ('ba53bace-fa55-4cc6-9377-840071c44002', '3341f8da-3354-496d-bda6-59961ccc6915', '1c064c5c-239a-40d6-b4bb-1f8c33597798', '2026-05-18T12:14:17.835Z', NULL, '2026-05-18T12:14:17.835Z');
INSERT INTO "attendance" ("id", "gym_id", "member_id", "check_in_time", "check_out_time", "created_at") VALUES ('fd2cfd93-a834-49ab-8fbd-ab0b085ef80b', '3341f8da-3354-496d-bda6-59961ccc6915', '1c064c5c-239a-40d6-b4bb-1f8c33597798', '2026-05-18T12:14:54.590Z', NULL, '2026-05-18T12:14:54.590Z');
INSERT INTO "attendance" ("id", "gym_id", "member_id", "check_in_time", "check_out_time", "created_at") VALUES ('a713372f-8fec-49dd-a66c-b0c7839a88d7', '3341f8da-3354-496d-bda6-59961ccc6915', '1c064c5c-239a-40d6-b4bb-1f8c33597798', '2026-05-18T12:15:19.640Z', NULL, '2026-05-18T12:15:19.640Z');
INSERT INTO "attendance" ("id", "gym_id", "member_id", "check_in_time", "check_out_time", "created_at") VALUES ('672b14da-ae74-41db-8af0-9f647bcf3b53', '3341f8da-3354-496d-bda6-59961ccc6915', '1c064c5c-239a-40d6-b4bb-1f8c33597798', '2026-05-18T12:16:37.911Z', NULL, '2026-05-18T12:16:37.911Z');
INSERT INTO "attendance" ("id", "gym_id", "member_id", "check_in_time", "check_out_time", "created_at") VALUES ('c3e49e10-3fc6-4ef0-81dc-a3eab7850997', '3341f8da-3354-496d-bda6-59961ccc6915', '1c064c5c-239a-40d6-b4bb-1f8c33597798', '2026-05-18T12:17:18.396Z', NULL, '2026-05-18T12:17:18.396Z');
INSERT INTO "attendance" ("id", "gym_id", "member_id", "check_in_time", "check_out_time", "created_at") VALUES ('be652e4a-c728-43b3-991e-2c168e93cc53', '3341f8da-3354-496d-bda6-59961ccc6915', 'a2c9a831-c4aa-4a2d-acf3-2f0abe4bb702', '2026-05-18T12:17:18.580Z', NULL, '2026-05-18T12:17:18.580Z');
INSERT INTO "attendance" ("id", "gym_id", "member_id", "check_in_time", "check_out_time", "created_at") VALUES ('6cb19763-e5dd-499f-ace1-5fc93d5c0f8a', '3341f8da-3354-496d-bda6-59961ccc6915', 'a2c9a831-c4aa-4a2d-acf3-2f0abe4bb702', '2026-05-18T12:17:38.445Z', NULL, '2026-05-18T12:17:38.445Z');
INSERT INTO "attendance" ("id", "gym_id", "member_id", "check_in_time", "check_out_time", "created_at") VALUES ('2ae5805b-09cf-4c4d-834a-ef0874a08645', '3341f8da-3354-496d-bda6-59961ccc6915', '1c064c5c-239a-40d6-b4bb-1f8c33597798', '2026-05-18T12:22:03.122Z', NULL, '2026-05-18T12:22:03.122Z');
INSERT INTO "attendance" ("id", "gym_id", "member_id", "check_in_time", "check_out_time", "created_at") VALUES ('cab2997f-0365-42db-819d-75620997a2a5', '3341f8da-3354-496d-bda6-59961ccc6915', 'a2c9a831-c4aa-4a2d-acf3-2f0abe4bb702', '2026-05-18T12:22:31.491Z', NULL, '2026-05-18T12:22:31.491Z');
INSERT INTO "attendance" ("id", "gym_id", "member_id", "check_in_time", "check_out_time", "created_at") VALUES ('f99b6649-208e-4022-84a8-10ae6e5f7b89', '3341f8da-3354-496d-bda6-59961ccc6915', 'a2c9a831-c4aa-4a2d-acf3-2f0abe4bb702', '2026-05-20T05:25:39.384Z', NULL, '2026-05-20T05:25:39.384Z');
INSERT INTO "attendance" ("id", "gym_id", "member_id", "check_in_time", "check_out_time", "created_at") VALUES ('04090764-d808-40ca-b6dd-5b146680452a', '3341f8da-3354-496d-bda6-59961ccc6915', '66636e45-bdce-4bcf-986a-f19467ff9345', '2026-05-21T11:42:35.071Z', NULL, '2026-05-21T11:42:35.071Z');
INSERT INTO "attendance" ("id", "gym_id", "member_id", "check_in_time", "check_out_time", "created_at") VALUES ('94a8f2de-70df-4aae-a319-cf289f5e139e', '3341f8da-3354-496d-bda6-59961ccc6915', '66636e45-bdce-4bcf-986a-f19467ff9345', '2026-05-21T11:44:39.661Z', NULL, '2026-05-21T11:44:39.661Z');
INSERT INTO "attendance" ("id", "gym_id", "member_id", "check_in_time", "check_out_time", "created_at") VALUES ('90a01b94-fe39-4756-914e-ae5dd839b2f7', '3341f8da-3354-496d-bda6-59961ccc6915', 'a2c9a831-c4aa-4a2d-acf3-2f0abe4bb702', '2026-05-22T12:31:57.495Z', NULL, '2026-05-22T12:31:57.495Z');
INSERT INTO "attendance" ("id", "gym_id", "member_id", "check_in_time", "check_out_time", "created_at") VALUES ('c9bd1a40-e6da-4613-af6b-77d218f03371', '3341f8da-3354-496d-bda6-59961ccc6915', '6be1d227-154c-4ea7-8529-546694fce231', '2026-05-27T11:12:03.284Z', NULL, '2026-05-27T11:12:03.284Z');
INSERT INTO "attendance" ("id", "gym_id", "member_id", "check_in_time", "check_out_time", "created_at") VALUES ('8f08db4a-2f36-473c-b688-8ad9e45ce0a5', '37489ee9-9869-4d79-ad5a-96a8babdd160', '9d801f21-5743-42e8-a6ba-16cef1bab7b4', '2026-06-01T10:31:52.376Z', NULL, '2026-06-01T10:31:52.376Z');
INSERT INTO "attendance" ("id", "gym_id", "member_id", "check_in_time", "check_out_time", "created_at") VALUES ('72c12372-2341-4993-a3f7-2fa082eaa84e', '3341f8da-3354-496d-bda6-59961ccc6915', 'a2c9a831-c4aa-4a2d-acf3-2f0abe4bb702', '2026-06-10T10:20:43.684Z', NULL, '2026-06-10T10:20:43.684Z');
INSERT INTO "attendance" ("id", "gym_id", "member_id", "check_in_time", "check_out_time", "created_at") VALUES ('8ffe7898-414f-4a89-9f15-feb823eadedb', '3341f8da-3354-496d-bda6-59961ccc6915', '1c064c5c-239a-40d6-b4bb-1f8c33597798', '2026-06-10T10:21:43.827Z', NULL, '2026-06-10T10:21:43.827Z');
INSERT INTO "attendance" ("id", "gym_id", "member_id", "check_in_time", "check_out_time", "created_at") VALUES ('7b04163a-0f3b-4aaa-aac1-6ceabd4b20ec', '24d69d8c-0cbe-4dcf-acd0-c340802d672c', '630bc336-7ea7-4d3a-88bc-5faeb90f8b46', '2026-06-13T18:35:56.057Z', NULL, '2026-06-13T18:35:56.057Z');

-- 28 rows exported from attendance

-- ============================================================
-- Table: backup_logs
-- ============================================================
-- ERROR dumping table backup_logs: column "created_at" does not exist

COMMIT;

-- ============================================================
-- Backup complete
-- ============================================================